loss,grad_norm,learning_rate,epoch,eval_loss,eval_accuracy,eval_f1,eval_runtime,eval_samples_per_second,eval_steps_per_second,train_runtime,train_samples_per_second,train_steps_per_second,total_flos,train_loss
0.2377,7.254096984863281,1.997968855788761e-05,0.003385240352064997,,,,,,,,,,,
0.179,2.338458299636841,1.9957120288873845e-05,0.006770480704129994,,,,,,,,,,,
0.1276,11.543998718261719,1.993455201986008e-05,0.010155721056194989,,,,,,,,,,,
0.1619,5.1138739585876465,1.991198375084631e-05,0.013540961408259987,,,,,,,,,,,
0.2582,5.01990270614624,1.9889415481832545e-05,0.016926201760324982,,,,,,,,,,,
0.1709,12.462898254394531,1.986684721281878e-05,0.020311442112389978,,,,,,,,,,,
0.1411,5.834144592285156,1.984427894380501e-05,0.023696682464454975,,,,,,,,,,,
0.1501,8.183490753173828,1.9821710674791245e-05,0.027081922816519974,,,,,,,,,,,
0.2113,13.054718971252441,1.979914240577748e-05,0.03046716316858497,,,,,,,,,,,
0.1888,14.467338562011719,1.977657413676371e-05,0.033852403520649964,,,,,,,,,,,
0.1407,13.765396118164062,1.9754005867749945e-05,0.037237643872714964,,,,,,,,,,,
0.2091,13.16235637664795,1.973143759873618e-05,0.040622884224779957,,,,,,,,,,,
0.2286,16.065563201904297,1.970886932972241e-05,0.044008124576844956,,,,,,,,,,,
0.3629,12.83202838897705,1.9686301060708645e-05,0.04739336492890995,,,,,,,,,,,
0.1266,9.282153129577637,1.966373279169488e-05,0.05077860528097495,,,,,,,,,,,
0.1601,11.652114868164062,1.964116452268111e-05,0.05416384563303995,,,,,,,,,,,
0.1173,5.045125484466553,1.9618596253667345e-05,0.05754908598510494,,,,,,,,,,,
0.3458,10.815634727478027,1.959602798465358e-05,0.06093432633716994,,,,,,,,,,,
0.1754,13.4570894241333,1.957345971563981e-05,0.06431956668923494,,,,,,,,,,,
0.1786,2.1688175201416016,1.9550891446626045e-05,0.06770480704129993,,,,,,,,,,,
0.3287,7.988942623138428,1.952832317761228e-05,0.07109004739336493,,,,,,,,,,,
0.2177,5.4728684425354,1.9505754908598513e-05,0.07447528774542993,,,,,,,,,,,
0.1895,21.881999969482422,1.9483186639584745e-05,0.07786052809749493,,,,,,,,,,,
0.1569,7.268103122711182,1.946061837057098e-05,0.08124576844955991,,,,,,,,,,,
0.1291,9.149557113647461,1.9438050101557213e-05,0.08463100880162491,,,,,,,,,,,
0.1976,8.71843433380127,1.9415481832543445e-05,0.08801624915368991,,,,,,,,,,,
0.2702,13.23405933380127,1.939291356352968e-05,0.09140148950575491,,,,,,,,,,,
0.2768,18.650386810302734,1.9370345294515913e-05,0.0947867298578199,,,,,,,,,,,
0.269,6.452620983123779,1.9347777025502144e-05,0.0981719702098849,,,,,,,,,,,
0.1983,12.184232711791992,1.932520875648838e-05,0.1015572105619499,,,,,,,,,,,
0.1906,9.256117820739746,1.9302640487474613e-05,0.1049424509140149,,,,,,,,,,,
0.2243,11.113064765930176,1.9280072218460844e-05,0.1083276912660799,,,,,,,,,,,
0.3382,30.297822952270508,1.925750394944708e-05,0.11171293161814488,,,,,,,,,,,
0.1747,14.089638710021973,1.9234935680433313e-05,0.11509817197020988,,,,,,,,,,,
0.2021,1.3507784605026245,1.9212367411419544e-05,0.11848341232227488,,,,,,,,,,,
0.1534,21.52027130126953,1.918979914240578e-05,0.12186865267433988,,,,,,,,,,,
0.2754,5.213168144226074,1.9167230873392013e-05,0.12525389302640488,,,,,,,,,,,
0.1314,10.090641975402832,1.9144662604378244e-05,0.12863913337846988,,,,,,,,,,,
0.1867,4.341718673706055,1.912209433536448e-05,0.13202437373053486,,,,,,,,,,,
0.1254,1.5860645771026611,1.9099526066350713e-05,0.13540961408259986,,,,,,,,,,,
0.2063,12.113303184509277,1.9076957797336944e-05,0.13879485443466485,,,,,,,,,,,
0.224,6.4134368896484375,1.905438952832318e-05,0.14218009478672985,,,,,,,,,,,
0.2133,9.028071403503418,1.9031821259309413e-05,0.14556533513879485,,,,,,,,,,,
0.2104,4.915788650512695,1.9009252990295644e-05,0.14895057549085985,,,,,,,,,,,
0.1825,18.222936630249023,1.898668472128188e-05,0.15233581584292485,,,,,,,,,,,
0.2523,3.664884328842163,1.8964116452268113e-05,0.15572105619498985,,,,,,,,,,,
0.2734,15.149401664733887,1.8941548183254344e-05,0.15910629654705485,,,,,,,,,,,
0.2524,5.536163330078125,1.891897991424058e-05,0.16249153689911983,,,,,,,,,,,
0.3464,10.65250301361084,1.8896411645226813e-05,0.16587677725118483,,,,,,,,,,,
0.2616,2.6843972206115723,1.8873843376213044e-05,0.16926201760324983,,,,,,,,,,,
0.2015,4.378451824188232,1.885127510719928e-05,0.17264725795531483,,,,,,,,,,,
0.2522,17.737812042236328,1.8828706838185513e-05,0.17603249830737983,,,,,,,,,,,
0.1744,11.027059555053711,1.8806138569171744e-05,0.17941773865944483,,,,,,,,,,,
0.2085,6.761682987213135,1.878357030015798e-05,0.18280297901150983,,,,,,,,,,,
0.2647,8.713152885437012,1.8761002031144213e-05,0.18618821936357483,,,,,,,,,,,
0.1173,8.965743064880371,1.8738433762130444e-05,0.1895734597156398,,,,,,,,,,,
0.1992,11.159310340881348,1.8715865493116682e-05,0.1929587000677048,,,,,,,,,,,
0.206,14.058830261230469,1.8693297224102913e-05,0.1963439404197698,,,,,,,,,,,
0.1059,12.235834121704102,1.8670728955089144e-05,0.1997291807718348,,,,,,,,,,,
0.173,14.60067367553711,1.8648160686075382e-05,0.2031144211238998,,,,,,,,,,,
0.2078,14.2982177734375,1.8625592417061613e-05,0.2064996614759648,,,,,,,,,,,
0.2405,2.8522026538848877,1.8603024148047844e-05,0.2098849018280298,,,,,,,,,,,
0.2746,14.26214599609375,1.8580455879034082e-05,0.2132701421800948,,,,,,,,,,,
0.2799,15.270176887512207,1.8557887610020313e-05,0.2166553825321598,,,,,,,,,,,
0.2718,8.746430397033691,1.8535319341006544e-05,0.22004062288422477,,,,,,,,,,,
0.2798,13.446771621704102,1.8512751071992782e-05,0.22342586323628977,,,,,,,,,,,
0.1919,2.843266725540161,1.8490182802979013e-05,0.22681110358835477,,,,,,,,,,,
0.1659,9.621868133544922,1.8467614533965244e-05,0.23019634394041977,,,,,,,,,,,
0.2809,11.079437255859375,1.8445046264951482e-05,0.23358158429248477,,,,,,,,,,,
0.196,3.141462564468384,1.8422477995937713e-05,0.23696682464454977,,,,,,,,,,,
0.422,7.0748419761657715,1.8399909726923944e-05,0.24035206499661477,,,,,,,,,,,
0.1679,12.450356483459473,1.8377341457910182e-05,0.24373730534867977,,,,,,,,,,,
0.2563,8.826804161071777,1.8354773188896413e-05,0.24712254570074474,,,,,,,,,,,
0.1938,8.608823776245117,1.8332204919882644e-05,0.25050778605280977,,,,,,,,,,,
0.1965,13.272438049316406,1.8309636650868882e-05,0.25389302640487477,,,,,,,,,,,
0.1864,10.586237907409668,1.8287068381855113e-05,0.25727826675693977,,,,,,,,,,,
0.0875,0.8952792286872864,1.8264500112841344e-05,0.26066350710900477,,,,,,,,,,,
0.2596,6.728457450866699,1.8241931843827582e-05,0.2640487474610697,,,,,,,,,,,
0.2381,5.89063835144043,1.8219363574813813e-05,0.2674339878131347,,,,,,,,,,,
0.3092,12.05364990234375,1.8196795305800047e-05,0.2708192281651997,,,,,,,,,,,
0.2606,8.849550247192383,1.8174227036786282e-05,0.2742044685172647,,,,,,,,,,,
0.2178,0.30642369389533997,1.8151658767772513e-05,0.2775897088693297,,,,,,,,,,,
0.1447,6.744407653808594,1.8129090498758747e-05,0.2809749492213947,,,,,,,,,,,
0.1341,8.308250427246094,1.8106522229744982e-05,0.2843601895734597,,,,,,,,,,,
0.4002,9.499591827392578,1.8083953960731213e-05,0.2877454299255247,,,,,,,,,,,
0.3694,16.136802673339844,1.8061385691717447e-05,0.2911306702775897,,,,,,,,,,,
0.3004,4.581467151641846,1.8038817422703682e-05,0.2945159106296547,,,,,,,,,,,
0.2782,8.995767593383789,1.8016249153689913e-05,0.2979011509817197,,,,,,,,,,,
0.2816,9.781306266784668,1.7993680884676147e-05,0.3012863913337847,,,,,,,,,,,
0.1534,15.577641487121582,1.7971112615662382e-05,0.3046716316858497,,,,,,,,,,,
0.3951,20.0975341796875,1.7948544346648613e-05,0.3080568720379147,,,,,,,,,,,
0.3215,14.42154598236084,1.7925976077634847e-05,0.3114421123899797,,,,,,,,,,,
0.0998,1.0048555135726929,1.7903407808621082e-05,0.3148273527420447,,,,,,,,,,,
0.1967,0.8870740532875061,1.7880839539607313e-05,0.3182125930941097,,,,,,,,,,,
0.4106,13.553191184997559,1.7858271270593547e-05,0.32159783344617465,,,,,,,,,,,
0.2357,15.14107608795166,1.7835703001579782e-05,0.32498307379823965,,,,,,,,,,,
0.2462,0.7167435884475708,1.7813134732566013e-05,0.32836831415030465,,,,,,,,,,,
0.0984,1.5557068586349487,1.7790566463552247e-05,0.33175355450236965,,,,,,,,,,,
0.2564,14.048646926879883,1.7767998194538482e-05,0.33513879485443465,,,,,,,,,,,
0.1889,7.43779182434082,1.7745429925524713e-05,0.33852403520649965,,,,,,,,,,,
0.2826,22.699338912963867,1.7722861656510947e-05,0.34190927555856465,,,,,,,,,,,
0.1393,11.294068336486816,1.770029338749718e-05,0.34529451591062965,,,,,,,,,,,
0.3175,9.504586219787598,1.7677725118483413e-05,0.34867975626269465,,,,,,,,,,,
0.2078,10.988702774047852,1.7655156849469647e-05,0.35206499661475965,,,,,,,,,,,
0.2587,10.672845840454102,1.763258858045588e-05,0.35545023696682465,,,,,,,,,,,
0.1568,2.2072529792785645,1.7610020311442113e-05,0.35883547731888965,,,,,,,,,,,
0.2772,15.816054344177246,1.7587452042428347e-05,0.36222071767095465,,,,,,,,,,,
0.3185,4.597289085388184,1.756488377341458e-05,0.36560595802301965,,,,,,,,,,,
0.1725,6.300201892852783,1.7542315504400813e-05,0.36899119837508465,,,,,,,,,,,
0.3973,17.202810287475586,1.7519747235387047e-05,0.37237643872714965,,,,,,,,,,,
0.1996,19.50798988342285,1.749717896637328e-05,0.37576167907921465,,,,,,,,,,,
0.2244,18.658767700195312,1.7474610697359513e-05,0.3791469194312796,,,,,,,,,,,
0.2741,15.348101615905762,1.7452042428345747e-05,0.3825321597833446,,,,,,,,,,,
0.2214,15.607561111450195,1.742947415933198e-05,0.3859174001354096,,,,,,,,,,,
0.155,0.3463142216205597,1.7406905890318213e-05,0.3893026404874746,,,,,,,,,,,
0.1706,5.926478385925293,1.7384337621304447e-05,0.3926878808395396,,,,,,,,,,,
0.1282,12.803449630737305,1.736176935229068e-05,0.3960731211916046,,,,,,,,,,,
0.3332,20.08854103088379,1.7339201083276913e-05,0.3994583615436696,,,,,,,,,,,
0.2565,2.999696731567383,1.7316632814263147e-05,0.4028436018957346,,,,,,,,,,,
0.1134,13.17388916015625,1.729406454524938e-05,0.4062288422477996,,,,,,,,,,,
0.2755,11.03246021270752,1.7271496276235613e-05,0.4096140825998646,,,,,,,,,,,
0.2097,14.887125968933105,1.7248928007221847e-05,0.4129993229519296,,,,,,,,,,,
0.331,17.1440372467041,1.722635973820808e-05,0.4163845633039946,,,,,,,,,,,
0.1792,10.814186096191406,1.7203791469194316e-05,0.4197698036560596,,,,,,,,,,,
0.179,4.26785945892334,1.7181223200180547e-05,0.4231550440081246,,,,,,,,,,,
0.1605,0.9699912667274475,1.715865493116678e-05,0.4265402843601896,,,,,,,,,,,
0.2312,2.84722900390625,1.7136086662153016e-05,0.4299255247122546,,,,,,,,,,,
0.2328,9.328227996826172,1.7113518393139247e-05,0.4333107650643196,,,,,,,,,,,
0.2422,12.83357048034668,1.709095012412548e-05,0.43669600541638454,,,,,,,,,,,
0.2765,0.9966911673545837,1.7068381855111716e-05,0.44008124576844954,,,,,,,,,,,
0.125,12.2595796585083,1.7045813586097947e-05,0.44346648612051454,,,,,,,,,,,
0.1384,16.616374969482422,1.702324531708418e-05,0.44685172647257954,,,,,,,,,,,
0.3002,7.97683048248291,1.7000677048070416e-05,0.45023696682464454,,,,,,,,,,,
0.2587,11.967385292053223,1.6978108779056647e-05,0.45362220717670954,,,,,,,,,,,
0.1366,5.3348002433776855,1.695554051004288e-05,0.45700744752877454,,,,,,,,,,,
0.1216,5.082052230834961,1.6932972241029116e-05,0.46039268788083954,,,,,,,,,,,
0.1874,10.379903793334961,1.6910403972015347e-05,0.46377792823290453,,,,,,,,,,,
0.2346,11.46362590789795,1.688783570300158e-05,0.46716316858496953,,,,,,,,,,,
0.2842,25.657995223999023,1.6865267433987816e-05,0.47054840893703453,,,,,,,,,,,
0.2732,21.42804527282715,1.6842699164974047e-05,0.47393364928909953,,,,,,,,,,,
0.2175,2.0499444007873535,1.682013089596028e-05,0.47731888964116453,,,,,,,,,,,
0.1785,11.125240325927734,1.6797562626946516e-05,0.48070412999322953,,,,,,,,,,,
0.3605,1.9762290716171265,1.6774994357932747e-05,0.48408937034529453,,,,,,,,,,,
0.2023,15.800765037536621,1.675242608891898e-05,0.48747461069735953,,,,,,,,,,,
0.1365,10.644498825073242,1.6729857819905216e-05,0.49085985104942453,,,,,,,,,,,
0.1612,3.403062105178833,1.6707289550891447e-05,0.4942450914014895,,,,,,,,,,,
0.1919,7.198026657104492,1.668472128187768e-05,0.4976303317535545,,,,,,,,,,,
0.0982,3.8504109382629395,1.6662153012863916e-05,0.5010155721056195,,,,,,,,,,,
0.1551,7.002619743347168,1.6639584743850147e-05,0.5044008124576845,,,,,,,,,,,
0.3722,10.884737014770508,1.661701647483638e-05,0.5077860528097495,,,,,,,,,,,
0.2692,7.494736671447754,1.6594448205822616e-05,0.5111712931618145,,,,,,,,,,,
0.3044,13.20739459991455,1.6571879936808847e-05,0.5145565335138795,,,,,,,,,,,
0.214,28.19847297668457,1.654931166779508e-05,0.5179417738659445,,,,,,,,,,,
0.1321,21.99958038330078,1.6526743398781316e-05,0.5213270142180095,,,,,,,,,,,
0.2273,19.515323638916016,1.6504175129767547e-05,0.5247122545700744,,,,,,,,,,,
0.2956,5.850737571716309,1.648160686075378e-05,0.5280974949221394,,,,,,,,,,,
0.2218,9.404733657836914,1.6459038591740016e-05,0.5314827352742044,,,,,,,,,,,
0.2329,8.930863380432129,1.6436470322726247e-05,0.5348679756262694,,,,,,,,,,,
0.203,10.022244453430176,1.641390205371248e-05,0.5382532159783344,,,,,,,,,,,
0.3367,9.110410690307617,1.6391333784698716e-05,0.5416384563303994,,,,,,,,,,,
0.3154,8.79481029510498,1.6368765515684947e-05,0.5450236966824644,,,,,,,,,,,
0.2502,16.107067108154297,1.634619724667118e-05,0.5484089370345294,,,,,,,,,,,
0.3081,23.946474075317383,1.6323628977657416e-05,0.5517941773865944,,,,,,,,,,,
0.2707,8.941957473754883,1.6301060708643647e-05,0.5551794177386594,,,,,,,,,,,
0.1739,7.127115726470947,1.627849243962988e-05,0.5585646580907244,,,,,,,,,,,
0.2001,3.8689472675323486,1.6255924170616116e-05,0.5619498984427894,,,,,,,,,,,
0.1946,15.595942497253418,1.6233355901602347e-05,0.5653351387948544,,,,,,,,,,,
0.1411,4.088734149932861,1.621078763258858e-05,0.5687203791469194,,,,,,,,,,,
0.3434,13.028801918029785,1.6188219363574816e-05,0.5721056194989844,,,,,,,,,,,
0.1948,15.7084379196167,1.6165651094561047e-05,0.5754908598510494,,,,,,,,,,,
0.2414,20.59784698486328,1.614308282554728e-05,0.5788761002031144,,,,,,,,,,,
0.2887,16.113239288330078,1.6120514556533515e-05,0.5822613405551794,,,,,,,,,,,
0.4892,9.486499786376953,1.6097946287519747e-05,0.5856465809072444,,,,,,,,,,,
0.1772,8.796041488647461,1.607537801850598e-05,0.5890318212593094,,,,,,,,,,,
0.2087,4.520718574523926,1.6052809749492215e-05,0.5924170616113744,,,,,,,,,,,
0.2445,3.9868173599243164,1.6030241480478447e-05,0.5958023019634394,,,,,,,,,,,
0.2732,10.393263816833496,1.600767321146468e-05,0.5991875423155044,,,,,,,,,,,
0.4147,17.7954158782959,1.5985104942450915e-05,0.6025727826675694,,,,,,,,,,,
0.1959,7.85026741027832,1.5962536673437147e-05,0.6059580230196344,,,,,,,,,,,
0.2988,13.940022468566895,1.5939968404423384e-05,0.6093432633716994,,,,,,,,,,,
0.2439,13.62147045135498,1.5917400135409615e-05,0.6127285037237644,,,,,,,,,,,
0.1869,13.420915603637695,1.5894831866395846e-05,0.6161137440758294,,,,,,,,,,,
0.1993,9.660839080810547,1.5872263597382084e-05,0.6194989844278944,,,,,,,,,,,
0.1242,0.6766862273216248,1.5849695328368315e-05,0.6228842247799594,,,,,,,,,,,
0.1959,15.217306137084961,1.5827127059354546e-05,0.6262694651320244,,,,,,,,,,,
0.1497,0.7433241605758667,1.5804558790340784e-05,0.6296547054840894,,,,,,,,,,,
0.1965,10.744379997253418,1.5781990521327015e-05,0.6330399458361544,,,,,,,,,,,
0.2421,7.4753217697143555,1.5759422252313246e-05,0.6364251861882194,,,,,,,,,,,
0.255,3.0026214122772217,1.5736853983299484e-05,0.6398104265402843,,,,,,,,,,,
0.2174,8.524102210998535,1.5714285714285715e-05,0.6431956668923493,,,,,,,,,,,
0.2338,0.21303515136241913,1.5691717445271946e-05,0.6465809072444143,,,,,,,,,,,
0.2246,2.2005093097686768,1.5669149176258184e-05,0.6499661475964793,,,,,,,,,,,
0.1625,14.029169082641602,1.5646580907244415e-05,0.6533513879485443,,,,,,,,,,,
0.2421,3.8011608123779297,1.562401263823065e-05,0.6567366283006093,,,,,,,,,,,
0.3282,8.124109268188477,1.5601444369216884e-05,0.6601218686526743,,,,,,,,,,,
0.171,9.265929222106934,1.5578876100203115e-05,0.6635071090047393,,,,,,,,,,,
0.2874,10.605807304382324,1.555630783118935e-05,0.6668923493568043,,,,,,,,,,,
0.3124,2.6396708488464355,1.5533739562175584e-05,0.6702775897088693,,,,,,,,,,,
0.2461,2.7932777404785156,1.5511171293161815e-05,0.6736628300609343,,,,,,,,,,,
0.3632,16.337188720703125,1.548860302414805e-05,0.6770480704129993,,,,,,,,,,,
0.2026,11.728104591369629,1.5466034755134284e-05,0.6804333107650643,,,,,,,,,,,
0.243,1.6024792194366455,1.5443466486120515e-05,0.6838185511171293,,,,,,,,,,,
0.1651,11.245702743530273,1.542089821710675e-05,0.6872037914691943,,,,,,,,,,,
0.1806,10.24549388885498,1.5398329948092984e-05,0.6905890318212593,,,,,,,,,,,
0.2982,9.426336288452148,1.5375761679079215e-05,0.6939742721733243,,,,,,,,,,,
0.26,3.843869209289551,1.535319341006545e-05,0.6973595125253893,,,,,,,,,,,
0.4554,10.016937255859375,1.5330625141051684e-05,0.7007447528774543,,,,,,,,,,,
0.1989,15.237926483154297,1.5308056872037915e-05,0.7041299932295193,,,,,,,,,,,
0.2282,24.095617294311523,1.528548860302415e-05,0.7075152335815843,,,,,,,,,,,
0.1375,11.777355194091797,1.5262920334010384e-05,0.7109004739336493,,,,,,,,,,,
0.3462,13.894003868103027,1.5240352064996615e-05,0.7142857142857143,,,,,,,,,,,
0.2256,16.9374942779541,1.521778379598285e-05,0.7176709546377793,,,,,,,,,,,
0.2938,8.642763137817383,1.5195215526969082e-05,0.7210561949898443,,,,,,,,,,,
0.1983,7.068877696990967,1.5172647257955315e-05,0.7244414353419093,,,,,,,,,,,
0.2174,9.383736610412598,1.515007898894155e-05,0.7278266756939743,,,,,,,,,,,
0.1765,0.5854045748710632,1.5127510719927782e-05,0.7312119160460393,,,,,,,,,,,
0.3411,7.468015670776367,1.5104942450914015e-05,0.7345971563981043,,,,,,,,,,,
0.2479,3.1458945274353027,1.508237418190025e-05,0.7379823967501693,,,,,,,,,,,
0.2101,6.96085262298584,1.5059805912886482e-05,0.7413676371022343,,,,,,,,,,,
0.3189,19.9415283203125,1.5037237643872715e-05,0.7447528774542993,,,,,,,,,,,
0.1755,1.8182060718536377,1.501466937485895e-05,0.7481381178063643,,,,,,,,,,,
0.1419,1.1338322162628174,1.4992101105845182e-05,0.7515233581584293,,,,,,,,,,,
0.2626,14.289688110351562,1.4969532836831415e-05,0.7549085985104943,,,,,,,,,,,
0.2029,9.978906631469727,1.494696456781765e-05,0.7582938388625592,,,,,,,,,,,
0.3298,15.454705238342285,1.4924396298803882e-05,0.7616790792146242,,,,,,,,,,,
0.2012,36.11559295654297,1.4901828029790115e-05,0.7650643195666892,,,,,,,,,,,
0.2445,2.529827833175659,1.487925976077635e-05,0.7684495599187542,,,,,,,,,,,
0.2903,2.336217164993286,1.4856691491762582e-05,0.7718348002708192,,,,,,,,,,,
0.1906,9.30601692199707,1.4834123222748817e-05,0.7752200406228842,,,,,,,,,,,
0.2074,15.10887622833252,1.481155495373505e-05,0.7786052809749492,,,,,,,,,,,
0.231,13.731712341308594,1.4788986684721282e-05,0.7819905213270142,,,,,,,,,,,
0.1575,11.554643630981445,1.4766418415707517e-05,0.7853757616790792,,,,,,,,,,,
0.2064,27.9912052154541,1.474385014669375e-05,0.7887610020311442,,,,,,,,,,,
0.2092,18.515073776245117,1.4721281877679982e-05,0.7921462423832092,,,,,,,,,,,
0.2698,11.765732765197754,1.4698713608666217e-05,0.7955314827352742,,,,,,,,,,,
0.2375,16.924108505249023,1.467614533965245e-05,0.7989167230873392,,,,,,,,,,,
0.1812,21.08439826965332,1.4653577070638682e-05,0.8023019634394042,,,,,,,,,,,
0.1341,3.4822516441345215,1.4631008801624918e-05,0.8056872037914692,,,,,,,,,,,
0.2942,24.04248809814453,1.460844053261115e-05,0.8090724441435342,,,,,,,,,,,
0.2029,5.481363296508789,1.4585872263597382e-05,0.8124576844955992,,,,,,,,,,,
0.2333,8.085114479064941,1.4563303994583618e-05,0.8158429248476642,,,,,,,,,,,
0.3639,19.59674644470215,1.454073572556985e-05,0.8192281651997292,,,,,,,,,,,
0.2032,5.863981246948242,1.4518167456556082e-05,0.8226134055517942,,,,,,,,,,,
0.2048,2.8249285221099854,1.4495599187542318e-05,0.8259986459038592,,,,,,,,,,,
0.2294,18.200056076049805,1.447303091852855e-05,0.8293838862559242,,,,,,,,,,,
0.2075,10.586837768554688,1.4450462649514782e-05,0.8327691266079892,,,,,,,,,,,
0.2508,6.962908744812012,1.4427894380501018e-05,0.8361543669600542,,,,,,,,,,,
0.1777,16.54712677001953,1.440532611148725e-05,0.8395396073121192,,,,,,,,,,,
0.2909,2.189119338989258,1.4382757842473482e-05,0.8429248476641842,,,,,,,,,,,
0.3344,11.906580924987793,1.4360189573459718e-05,0.8463100880162492,,,,,,,,,,,
0.1258,1.628117322921753,1.433762130444595e-05,0.8496953283683142,,,,,,,,,,,
0.2713,2.1994972229003906,1.4315053035432182e-05,0.8530805687203792,,,,,,,,,,,
0.2092,7.752926826477051,1.4292484766418418e-05,0.8564658090724442,,,,,,,,,,,
0.2659,10.237391471862793,1.426991649740465e-05,0.8598510494245092,,,,,,,,,,,
0.4125,16.527610778808594,1.4247348228390882e-05,0.8632362897765742,,,,,,,,,,,
0.4533,4.186718463897705,1.4224779959377118e-05,0.8666215301286392,,,,,,,,,,,
0.2321,16.503921508789062,1.420221169036335e-05,0.8700067704807042,,,,,,,,,,,
0.238,2.6705310344696045,1.4179643421349582e-05,0.8733920108327691,,,,,,,,,,,
0.2476,5.247298717498779,1.4157075152335818e-05,0.8767772511848341,,,,,,,,,,,
0.3442,17.865201950073242,1.4134506883322051e-05,0.8801624915368991,,,,,,,,,,,
0.294,16.880096435546875,1.4111938614308282e-05,0.8835477318889641,,,,,,,,,,,
0.16,25.618614196777344,1.4089370345294518e-05,0.8869329722410291,,,,,,,,,,,
0.3745,13.910346984863281,1.406680207628075e-05,0.8903182125930941,,,,,,,,,,,
0.2406,1.1443097591400146,1.4044233807266985e-05,0.8937034529451591,,,,,,,,,,,
0.239,21.099218368530273,1.4021665538253218e-05,0.8970886932972241,,,,,,,,,,,
0.3105,8.577563285827637,1.399909726923945e-05,0.9004739336492891,,,,,,,,,,,
0.2997,12.178400993347168,1.3976529000225685e-05,0.9038591740013541,,,,,,,,,,,
0.1719,20.453033447265625,1.3953960731211918e-05,0.9072444143534191,,,,,,,,,,,
0.2369,13.162153244018555,1.393139246219815e-05,0.9106296547054841,,,,,,,,,,,
0.1909,4.9097466468811035,1.3908824193184385e-05,0.9140148950575491,,,,,,,,,,,
0.2785,1.6047313213348389,1.3886255924170618e-05,0.9174001354096141,,,,,,,,,,,
0.1822,1.5559964179992676,1.386368765515685e-05,0.9207853757616791,,,,,,,,,,,
0.3522,10.210226058959961,1.3841119386143085e-05,0.9241706161137441,,,,,,,,,,,
0.2969,20.841726303100586,1.3818551117129318e-05,0.9275558564658091,,,,,,,,,,,
0.2601,10.450486183166504,1.379598284811555e-05,0.9309410968178741,,,,,,,,,,,
0.1997,10.0543794631958,1.3773414579101785e-05,0.9343263371699391,,,,,,,,,,,
0.2566,21.903257369995117,1.3750846310088018e-05,0.9377115775220041,,,,,,,,,,,
0.2461,6.174081325531006,1.372827804107425e-05,0.9410968178740691,,,,,,,,,,,
0.3245,9.617209434509277,1.3705709772060485e-05,0.9444820582261341,,,,,,,,,,,
0.3773,13.173093795776367,1.3683141503046718e-05,0.9478672985781991,,,,,,,,,,,
0.1656,11.171862602233887,1.366057323403295e-05,0.9512525389302641,,,,,,,,,,,
0.3375,13.60459041595459,1.3638004965019185e-05,0.9546377792823291,,,,,,,,,,,
0.2203,10.753043174743652,1.3615436696005418e-05,0.9580230196343941,,,,,,,,,,,
0.1566,1.2976223230361938,1.359286842699165e-05,0.9614082599864591,,,,,,,,,,,
0.235,8.364770889282227,1.3570300157977885e-05,0.9647935003385241,,,,,,,,,,,
0.2305,2.253450632095337,1.3547731888964118e-05,0.9681787406905891,,,,,,,,,,,
0.2386,12.72050952911377,1.352516361995035e-05,0.9715639810426541,,,,,,,,,,,
0.2226,8.949142456054688,1.3502595350936585e-05,0.9749492213947191,,,,,,,,,,,
0.2502,9.497949600219727,1.3480027081922818e-05,0.9783344617467841,,,,,,,,,,,
0.2599,13.337252616882324,1.345745881290905e-05,0.9817197020988491,,,,,,,,,,,
0.2637,6.332221984863281,1.3434890543895285e-05,0.9851049424509141,,,,,,,,,,,
0.1434,7.901951789855957,1.3412322274881518e-05,0.988490182802979,,,,,,,,,,,
0.2752,21.01042366027832,1.338975400586775e-05,0.991875423155044,,,,,,,,,,,
0.1407,9.772440910339355,1.3367185736853985e-05,0.995260663507109,,,,,,,,,,,
0.1144,15.18859577178955,1.3344617467840218e-05,0.998645903859174,,,,,,,,,,,
,,,1.0,0.6331939101219177,0.8359506172839506,0.8360480952521933,1373.4634,7.372,0.116,,,,,
0.1533,5.326992988586426,1.3322049198826452e-05,1.002031144211239,,,,,,,,,,,
0.0825,0.847888708114624,1.3299480929812685e-05,1.005416384563304,,,,,,,,,,,
0.1602,8.080643653869629,1.3276912660798918e-05,1.008801624915369,,,,,,,,,,,
0.0763,2.060675621032715,1.3254344391785152e-05,1.012186865267434,,,,,,,,,,,
0.1387,9.275980949401855,1.3231776122771385e-05,1.015572105619499,,,,,,,,,,,
0.1362,1.2953866720199585,1.3209207853757618e-05,1.018957345971564,,,,,,,,,,,
0.0642,0.5255212783813477,1.3186639584743852e-05,1.022342586323629,,,,,,,,,,,
0.1503,1.3838263750076294,1.3164071315730085e-05,1.025727826675694,,,,,,,,,,,
0.0269,5.649733066558838,1.3141503046716318e-05,1.029113067027759,,,,,,,,,,,
0.0261,5.367293357849121,1.3118934777702552e-05,1.032498307379824,,,,,,,,,,,
0.1164,0.8136237263679504,1.3096366508688785e-05,1.035883547731889,,,,,,,,,,,
0.1151,9.02003002166748,1.3073798239675018e-05,1.039268788083954,,,,,,,,,,,
0.1495,17.816585540771484,1.3051229970661252e-05,1.042654028436019,,,,,,,,,,,
0.0601,0.13535328209400177,1.3028661701647485e-05,1.046039268788084,,,,,,,,,,,
0.231,14.863176345825195,1.3006093432633718e-05,1.0494245091401488,,,,,,,,,,,
0.1095,4.0154852867126465,1.2983525163619952e-05,1.052809749492214,,,,,,,,,,,
0.21,9.593436241149902,1.2960956894606185e-05,1.0561949898442788,,,,,,,,,,,
0.0898,5.665586948394775,1.2938388625592418e-05,1.059580230196344,,,,,,,,,,,
0.1592,11.658123970031738,1.2915820356578652e-05,1.0629654705484088,,,,,,,,,,,
0.2195,8.436928749084473,1.2893252087564885e-05,1.066350710900474,,,,,,,,,,,
0.1853,10.789100646972656,1.2870683818551118e-05,1.0697359512525388,,,,,,,,,,,
0.1458,7.946216583251953,1.2848115549537352e-05,1.073121191604604,,,,,,,,,,,
0.155,13.430927276611328,1.2825547280523585e-05,1.0765064319566688,,,,,,,,,,,
0.0942,0.277803897857666,1.2802979011509818e-05,1.079891672308734,,,,,,,,,,,
0.1387,8.386690139770508,1.2780410742496052e-05,1.0832769126607988,,,,,,,,,,,
0.1069,2.9327332973480225,1.2757842473482285e-05,1.086662153012864,,,,,,,,,,,
0.0879,14.114493370056152,1.2735274204468518e-05,1.0900473933649288,,,,,,,,,,,
0.089,7.309834957122803,1.2712705935454752e-05,1.093432633716994,,,,,,,,,,,
0.1025,7.965763092041016,1.2690137666440985e-05,1.0968178740690588,,,,,,,,,,,
0.1298,6.383684158325195,1.2667569397427217e-05,1.100203114421124,,,,,,,,,,,
0.3475,6.682775497436523,1.2645001128413452e-05,1.1035883547731888,,,,,,,,,,,
0.1183,19.926742553710938,1.2622432859399685e-05,1.106973595125254,,,,,,,,,,,
0.1098,20.68644905090332,1.2599864590385917e-05,1.1103588354773188,,,,,,,,,,,
0.0742,0.9181941747665405,1.2577296321372152e-05,1.113744075829384,,,,,,,,,,,
0.1208,1.866276502609253,1.2554728052358385e-05,1.1171293161814488,,,,,,,,,,,
0.1879,0.31026691198349,1.2532159783344619e-05,1.120514556533514,,,,,,,,,,,
0.2389,8.022721290588379,1.2509591514330852e-05,1.1238997968855788,,,,,,,,,,,
0.2299,18.746919631958008,1.2487023245317085e-05,1.127285037237644,,,,,,,,,,,
0.124,6.263437271118164,1.2464454976303319e-05,1.1306702775897088,,,,,,,,,,,
0.1433,35.119964599609375,1.2441886707289552e-05,1.134055517941774,,,,,,,,,,,
0.1525,9.577370643615723,1.2419318438275785e-05,1.1374407582938388,,,,,,,,,,,
0.0953,0.6155084371566772,1.2396750169262019e-05,1.140825998645904,,,,,,,,,,,
0.2342,30.597951889038086,1.2374181900248252e-05,1.1442112389979688,,,,,,,,,,,
0.1459,1.2010252475738525,1.2351613631234485e-05,1.147596479350034,,,,,,,,,,,
0.0461,0.7607249021530151,1.2329045362220719e-05,1.1509817197020988,,,,,,,,,,,
0.1797,8.896235466003418,1.2306477093206952e-05,1.1543669600541637,,,,,,,,,,,
0.1874,1.615232229232788,1.2283908824193185e-05,1.1577522004062288,,,,,,,,,,,
0.226,26.552417755126953,1.2261340555179419e-05,1.161137440758294,,,,,,,,,,,
0.1684,7.17657470703125,1.2238772286165652e-05,1.1645226811103588,,,,,,,,,,,
0.0846,9.975425720214844,1.2216204017151885e-05,1.1679079214624237,,,,,,,,,,,
0.1422,4.012386322021484,1.2193635748138119e-05,1.1712931618144888,,,,,,,,,,,
0.0481,0.26114341616630554,1.2171067479124352e-05,1.174678402166554,,,,,,,,,,,
0.1258,13.986286163330078,1.2148499210110585e-05,1.1780636425186188,,,,,,,,,,,
0.1644,17.22672462463379,1.2125930941096819e-05,1.1814488828706837,,,,,,,,,,,
0.1217,0.5137154459953308,1.2103362672083052e-05,1.1848341232227488,,,,,,,,,,,
0.1981,11.574487686157227,1.2080794403069284e-05,1.1882193635748137,,,,,,,,,,,
0.0809,0.6451974511146545,1.2058226134055519e-05,1.1916046039268788,,,,,,,,,,,
0.1009,18.3082275390625,1.2035657865041752e-05,1.1949898442789437,,,,,,,,,,,
0.0844,14.647229194641113,1.2013089596027984e-05,1.1983750846310088,,,,,,,,,,,
0.0732,13.761417388916016,1.1990521327014219e-05,1.2017603249830737,,,,,,,,,,,
0.1298,5.47326135635376,1.1967953058000452e-05,1.2051455653351388,,,,,,,,,,,
0.093,0.5905534625053406,1.1945384788986684e-05,1.2085308056872037,,,,,,,,,,,
0.1894,13.041242599487305,1.1922816519972919e-05,1.2119160460392688,,,,,,,,,,,
0.1446,4.1877875328063965,1.1900248250959152e-05,1.2153012863913337,,,,,,,,,,,
0.0846,3.4334800243377686,1.1877679981945384e-05,1.2186865267433988,,,,,,,,,,,
0.1325,0.12671656906604767,1.1855111712931619e-05,1.2220717670954637,,,,,,,,,,,
0.0432,0.10724269598722458,1.1832543443917852e-05,1.2254570074475288,,,,,,,,,,,
0.1287,3.9475882053375244,1.1809975174904084e-05,1.2288422477995937,,,,,,,,,,,
0.1391,0.49934571981430054,1.1787406905890319e-05,1.2322274881516588,,,,,,,,,,,
0.0683,0.292333722114563,1.1764838636876552e-05,1.2356127285037237,,,,,,,,,,,
0.1478,0.1309908777475357,1.1742270367862788e-05,1.2389979688557888,,,,,,,,,,,
0.2278,0.38021987676620483,1.1719702098849019e-05,1.2423832092078537,,,,,,,,,,,
0.1103,1.2722034454345703,1.1697133829835252e-05,1.2457684495599188,,,,,,,,,,,
0.1677,1.5724533796310425,1.1674565560821488e-05,1.2491536899119837,,,,,,,,,,,
0.1339,4.708236217498779,1.1651997291807719e-05,1.2525389302640488,,,,,,,,,,,
0.0846,0.4402836263179779,1.1629429022793952e-05,1.2559241706161137,,,,,,,,,,,
0.1314,25.484830856323242,1.1606860753780188e-05,1.2593094109681786,,,,,,,,,,,
0.1667,13.545147895812988,1.1584292484766419e-05,1.2626946513202437,,,,,,,,,,,
0.1352,4.21317195892334,1.1561724215752652e-05,1.2660798916723088,,,,,,,,,,,
0.0897,3.211036205291748,1.1539155946738888e-05,1.2694651320243737,,,,,,,,,,,
0.1202,0.15374083817005157,1.1516587677725119e-05,1.2728503723764386,,,,,,,,,,,
0.068,0.7721815705299377,1.1494019408711351e-05,1.2762356127285037,,,,,,,,,,,
0.1242,22.469167709350586,1.1471451139697588e-05,1.2796208530805688,,,,,,,,,,,
0.1577,22.85352325439453,1.144888287068382e-05,1.2830060934326337,,,,,,,,,,,
0.1181,18.94651985168457,1.1426314601670051e-05,1.2863913337846986,,,,,,,,,,,
0.1073,24.393259048461914,1.1403746332656288e-05,1.2897765741367637,,,,,,,,,,,
0.1508,2.3921546936035156,1.138117806364252e-05,1.2931618144888288,,,,,,,,,,,
0.0915,7.619635105133057,1.1358609794628751e-05,1.2965470548408937,,,,,,,,,,,
0.1289,2.511537790298462,1.1336041525614988e-05,1.2999322951929586,,,,,,,,,,,
0.0709,2.5760605335235596,1.131347325660122e-05,1.3033175355450237,,,,,,,,,,,
0.1525,3.501610040664673,1.1290904987587451e-05,1.3067027758970888,,,,,,,,,,,
0.089,12.163418769836426,1.1268336718573688e-05,1.3100880162491537,,,,,,,,,,,
0.1748,6.391855716705322,1.124576844955992e-05,1.3134732566012186,,,,,,,,,,,
0.0457,8.003026962280273,1.1223200180546151e-05,1.3168584969532837,,,,,,,,,,,
0.1089,4.589334964752197,1.1200631911532388e-05,1.3202437373053486,,,,,,,,,,,
0.097,1.917778730392456,1.117806364251862e-05,1.3236289776574137,,,,,,,,,,,
0.132,41.01488494873047,1.1155495373504851e-05,1.3270142180094786,,,,,,,,,,,
0.0732,34.99862289428711,1.1132927104491087e-05,1.3303994583615437,,,,,,,,,,,
0.104,20.81366539001465,1.111035883547732e-05,1.3337846987136086,,,,,,,,,,,
0.0683,1.9571996927261353,1.1087790566463551e-05,1.3371699390656737,,,,,,,,,,,
0.0758,0.14219917356967926,1.1065222297449787e-05,1.3405551794177386,,,,,,,,,,,
0.0906,7.864099502563477,1.104265402843602e-05,1.3439404197698037,,,,,,,,,,,
0.1676,10.85968017578125,1.1020085759422251e-05,1.3473256601218686,,,,,,,,,,,
0.1243,0.5408181548118591,1.0997517490408487e-05,1.3507109004739337,,,,,,,,,,,
0.2262,1.9832956790924072,1.097494922139472e-05,1.3540961408259986,,,,,,,,,,,
0.1629,12.835111618041992,1.0952380952380955e-05,1.3574813811780637,,,,,,,,,,,
0.2648,10.071807861328125,1.0929812683367187e-05,1.3608666215301286,,,,,,,,,,,
0.111,13.524174690246582,1.090724441435342e-05,1.3642518618821937,,,,,,,,,,,
0.1461,11.678853034973145,1.0884676145339655e-05,1.3676371022342586,,,,,,,,,,,
0.0965,19.331161499023438,1.0862107876325887e-05,1.3710223425863237,,,,,,,,,,,
0.1826,1.949033498764038,1.083953960731212e-05,1.3744075829383886,,,,,,,,,,,
0.0912,13.7566499710083,1.0816971338298355e-05,1.3777928232904535,,,,,,,,,,,
0.1551,12.931843757629395,1.0794403069284587e-05,1.3811780636425186,,,,,,,,,,,
0.0707,9.264363288879395,1.077183480027082e-05,1.3845633039945837,,,,,,,,,,,
0.0606,0.28557005524635315,1.0749266531257055e-05,1.3879485443466486,,,,,,,,,,,
0.0772,14.079258918762207,1.0726698262243287e-05,1.3913337846987135,,,,,,,,,,,
0.1703,52.068397521972656,1.070412999322952e-05,1.3947190250507786,,,,,,,,,,,
0.0773,0.5328547954559326,1.0681561724215755e-05,1.3981042654028437,,,,,,,,,,,
0.1818,2.749575138092041,1.0658993455201987e-05,1.4014895057549086,,,,,,,,,,,
0.172,11.643943786621094,1.063642518618822e-05,1.4048747461069735,,,,,,,,,,,
0.1017,26.514972686767578,1.0613856917174455e-05,1.4082599864590386,,,,,,,,,,,
0.1718,0.14444588124752045,1.0591288648160687e-05,1.4116452268111037,,,,,,,,,,,
0.201,13.1211519241333,1.056872037914692e-05,1.4150304671631686,,,,,,,,,,,
0.1222,11.127655982971191,1.0546152110133154e-05,1.4184157075152335,,,,,,,,,,,
0.1273,9.532336235046387,1.0523583841119387e-05,1.4218009478672986,,,,,,,,,,,
0.1486,2.400890588760376,1.050101557210562e-05,1.4251861882193635,,,,,,,,,,,
0.1281,11.696188926696777,1.0478447303091854e-05,1.4285714285714286,,,,,,,,,,,
0.1185,4.318935871124268,1.0455879034078087e-05,1.4319566689234935,,,,,,,,,,,
0.1073,0.25471875071525574,1.043331076506432e-05,1.4353419092755586,,,,,,,,,,,
0.0464,5.009707450866699,1.0410742496050554e-05,1.4387271496276235,,,,,,,,,,,
0.1951,4.909992694854736,1.0388174227036787e-05,1.4421123899796886,,,,,,,,,,,
0.0748,0.5118614435195923,1.036560595802302e-05,1.4454976303317535,,,,,,,,,,,
0.0966,11.416633605957031,1.0343037689009254e-05,1.4488828706838186,,,,,,,,,,,
0.2275,18.74077606201172,1.0320469419995487e-05,1.4522681110358835,,,,,,,,,,,
0.1376,33.4450798034668,1.029790115098172e-05,1.4556533513879486,,,,,,,,,,,
0.0892,2.992211103439331,1.0275332881967954e-05,1.4590385917400135,,,,,,,,,,,
0.0926,3.1424124240875244,1.0252764612954187e-05,1.4624238320920786,,,,,,,,,,,
0.1147,37.38722229003906,1.0230196343940422e-05,1.4658090724441435,,,,,,,,,,,
0.0719,0.1717398464679718,1.0207628074926654e-05,1.4691943127962086,,,,,,,,,,,
0.1404,11.02368450164795,1.0185059805912887e-05,1.4725795531482735,,,,,,,,,,,
0.1776,0.3969261944293976,1.0162491536899122e-05,1.4759647935003386,,,,,,,,,,,
0.1218,12.2958402633667,1.0139923267885354e-05,1.4793500338524035,,,,,,,,,,,
0.1411,9.388622283935547,1.0117354998871587e-05,1.4827352742044684,,,,,,,,,,,
0.188,4.762811660766602,1.0094786729857822e-05,1.4861205145565335,,,,,,,,,,,
0.1297,14.1669340133667,1.0072218460844054e-05,1.4895057549085986,,,,,,,,,,,
0.1452,6.377475261688232,1.0049650191830287e-05,1.4928909952606635,,,,,,,,,,,
0.1991,0.6914833784103394,1.0027081922816522e-05,1.4962762356127284,,,,,,,,,,,
0.2028,16.782970428466797,1.0004513653802754e-05,1.4996614759647935,,,,,,,,,,,
0.1555,11.3606538772583,9.981945384788989e-06,1.5030467163168586,,,,,,,,,,,
0.2047,32.958412170410156,9.95937711577522e-06,1.5064319566689235,,,,,,,,,,,
0.1299,13.154261589050293,9.936808846761454e-06,1.5098171970209884,,,,,,,,,,,
0.1586,1.1898009777069092,9.914240577747689e-06,1.5132024373730535,,,,,,,,,,,
0.1335,1.0808436870574951,9.89167230873392e-06,1.5165876777251186,,,,,,,,,,,
0.0512,3.689988613128662,9.869104039720154e-06,1.5199729180771835,,,,,,,,,,,
0.2273,0.26106399297714233,9.846535770706389e-06,1.5233581584292484,,,,,,,,,,,
0.2365,17.857257843017578,9.823967501692621e-06,1.5267433987813135,,,,,,,,,,,
0.0983,22.99686622619629,9.801399232678854e-06,1.5301286391333786,,,,,,,,,,,
0.1108,16.226469039916992,9.778830963665089e-06,1.5335138794854435,,,,,,,,,,,
0.1691,39.715396881103516,9.756262694651321e-06,1.5368991198375084,,,,,,,,,,,
0.127,14.06834888458252,9.733694425637554e-06,1.5402843601895735,,,,,,,,,,,
0.2471,20.39363670349121,9.711126156623789e-06,1.5436696005416386,,,,,,,,,,,
0.1008,2.9869089126586914,9.688557887610021e-06,1.5470548408937035,,,,,,,,,,,
0.1388,4.066580772399902,9.665989618596254e-06,1.5504400812457684,,,,,,,,,,,
0.1276,14.748032569885254,9.643421349582489e-06,1.5538253215978335,,,,,,,,,,,
0.1772,0.8562665581703186,9.620853080568721e-06,1.5572105619498986,,,,,,,,,,,
0.1314,21.489042282104492,9.598284811554954e-06,1.5605958023019635,,,,,,,,,,,
0.1317,13.940815925598145,9.575716542541189e-06,1.5639810426540284,,,,,,,,,,,
0.1358,5.808343887329102,9.553148273527421e-06,1.5673662830060935,,,,,,,,,,,
0.2282,5.406854629516602,9.530580004513654e-06,1.5707515233581584,,,,,,,,,,,
0.1271,0.8413386940956116,9.508011735499889e-06,1.5741367637102233,,,,,,,,,,,
0.1479,17.528993606567383,9.485443466486121e-06,1.5775220040622884,,,,,,,,,,,
0.1473,16.020244598388672,9.462875197472354e-06,1.5809072444143535,,,,,,,,,,,
0.0693,18.48130226135254,9.440306928458589e-06,1.5842924847664184,,,,,,,,,,,
0.1179,1.023995280265808,9.417738659444821e-06,1.5876777251184833,,,,,,,,,,,
0.1269,0.5580816268920898,9.395170390431054e-06,1.5910629654705484,,,,,,,,,,,
0.1628,13.583744049072266,9.372602121417288e-06,1.5944482058226135,,,,,,,,,,,
0.1463,0.771977424621582,9.350033852403521e-06,1.5978334461746784,,,,,,,,,,,
0.183,17.536975860595703,9.327465583389754e-06,1.6012186865267433,,,,,,,,,,,
0.0953,0.9409496188163757,9.304897314375988e-06,1.6046039268788084,,,,,,,,,,,
0.127,0.9132616519927979,9.282329045362221e-06,1.6079891672308735,,,,,,,,,,,
0.0547,3.2467353343963623,9.259760776348456e-06,1.6113744075829384,,,,,,,,,,,
0.205,10.880810737609863,9.237192507334688e-06,1.6147596479350033,,,,,,,,,,,
0.1454,0.6060099601745605,9.214624238320921e-06,1.6181448882870684,,,,,,,,,,,
0.0782,1.0418946743011475,9.192055969307156e-06,1.6215301286391335,,,,,,,,,,,
0.1661,11.771655082702637,9.169487700293388e-06,1.6249153689911984,,,,,,,,,,,
0.1511,8.850384712219238,9.146919431279621e-06,1.6283006093432633,,,,,,,,,,,
0.1496,0.8179687261581421,9.124351162265856e-06,1.6316858496953284,,,,,,,,,,,
0.1435,9.263421058654785,9.101782893252088e-06,1.6350710900473935,,,,,,,,,,,
0.3208,2.581122398376465,9.079214624238321e-06,1.6384563303994584,,,,,,,,,,,
0.1472,8.193975448608398,9.056646355224556e-06,1.6418415707515233,,,,,,,,,,,
0.0869,4.183892250061035,9.034078086210788e-06,1.6452268111035884,,,,,,,,,,,
0.1237,1.9061670303344727,9.011509817197021e-06,1.6486120514556535,,,,,,,,,,,
0.0823,0.3997478783130646,8.988941548183256e-06,1.6519972918077184,,,,,,,,,,,
0.1924,18.79132080078125,8.966373279169488e-06,1.6553825321597833,,,,,,,,,,,
0.0883,0.41428086161613464,8.943805010155721e-06,1.6587677725118484,,,,,,,,,,,
0.1007,12.630363464355469,8.921236741141956e-06,1.6621530128639135,,,,,,,,,,,
0.1391,17.665788650512695,8.898668472128188e-06,1.6655382532159784,,,,,,,,,,,
0.0729,5.101674556732178,8.876100203114421e-06,1.6689234935680433,,,,,,,,,,,
0.1086,16.600751876831055,8.853531934100655e-06,1.6723087339201084,,,,,,,,,,,
0.1012,0.6015985012054443,8.830963665086888e-06,1.6756939742721735,,,,,,,,,,,
0.163,34.01328659057617,8.808395396073121e-06,1.6790792146242384,,,,,,,,,,,
0.2021,28.700847625732422,8.785827127059355e-06,1.6824644549763033,,,,,,,,,,,
0.1055,0.20596849918365479,8.763258858045588e-06,1.6858496953283684,,,,,,,,,,,
0.0256,2.6586849689483643,8.740690589031821e-06,1.6892349356804333,,,,,,,,,,,
0.1343,36.555484771728516,8.718122320018055e-06,1.6926201760324981,,,,,,,,,,,
0.084,15.403519630432129,8.69555405100429e-06,1.6960054163845633,,,,,,,,,,,
0.1665,19.606477737426758,8.672985781990521e-06,1.6993906567366284,,,,,,,,,,,
0.119,0.6116127371788025,8.650417512976755e-06,1.7027758970886933,,,,,,,,,,,
0.1162,14.13656234741211,8.62784924396299e-06,1.7061611374407581,,,,,,,,,,,
0.1445,17.659194946289062,8.605280974949221e-06,1.7095463777928233,,,,,,,,,,,
0.3777,11.179097175598145,8.582712705935455e-06,1.7129316181448884,,,,,,,,,,,
0.0997,15.3991060256958,8.56014443692169e-06,1.7163168584969533,,,,,,,,,,,
0.0712,11.691367149353027,8.537576167907921e-06,1.7197020988490181,,,,,,,,,,,
0.1359,0.7630825638771057,8.515007898894155e-06,1.7230873392010833,,,,,,,,,,,
0.1845,28.00557518005371,8.49243962988039e-06,1.7264725795531484,,,,,,,,,,,
0.2162,5.209146022796631,8.469871360866623e-06,1.7298578199052133,,,,,,,,,,,
0.1275,9.235882759094238,8.447303091852855e-06,1.7332430602572781,,,,,,,,,,,
0.1455,0.680494487285614,8.42473482283909e-06,1.7366283006093433,,,,,,,,,,,
0.1775,14.828429222106934,8.402166553825323e-06,1.7400135409614084,,,,,,,,,,,
0.139,9.98619270324707,8.379598284811555e-06,1.7433987813134733,,,,,,,,,,,
0.1605,0.30669572949409485,8.35703001579779e-06,1.7467840216655381,,,,,,,,,,,
0.0681,9.699057579040527,8.334461746784023e-06,1.7501692620176033,,,,,,,,,,,
0.1575,8.096061706542969,8.311893477770255e-06,1.7535545023696684,,,,,,,,,,,
0.1454,1.5498046875,8.28932520875649e-06,1.7569397427217333,,,,,,,,,,,
0.2173,0.28925082087516785,8.266756939742722e-06,1.7603249830737981,,,,,,,,,,,
0.1691,17.285608291625977,8.244188670728955e-06,1.7637102234258633,,,,,,,,,,,
0.2017,15.77049446105957,8.22162040171519e-06,1.7670954637779284,,,,,,,,,,,
0.2425,7.29893684387207,8.199052132701422e-06,1.7704807041299933,,,,,,,,,,,
0.1428,16.480546951293945,8.176483863687655e-06,1.7738659444820581,,,,,,,,,,,
0.1155,4.543231964111328,8.15391559467389e-06,1.7772511848341233,,,,,,,,,,,
0.2713,23.497453689575195,8.131347325660122e-06,1.7806364251861884,,,,,,,,,,,
0.1197,25.473163604736328,8.108779056646355e-06,1.7840216655382533,,,,,,,,,,,
0.2062,0.8569040894508362,8.08621078763259e-06,1.7874069058903181,,,,,,,,,,,
0.1586,2.859795570373535,8.063642518618822e-06,1.7907921462423833,,,,,,,,,,,
0.2621,13.799345016479492,8.041074249605057e-06,1.7941773865944484,,,,,,,,,,,
0.115,0.16160540282726288,8.01850598059129e-06,1.7975626269465133,,,,,,,,,,,
0.2759,8.08922290802002,7.995937711577522e-06,1.8009478672985781,,,,,,,,,,,
0.112,2.9604201316833496,7.973369442563757e-06,1.8043331076506433,,,,,,,,,,,
0.1525,1.4581354856491089,7.95080117354999e-06,1.8077183480027081,,,,,,,,,,,
0.1803,9.375885963439941,7.928232904536222e-06,1.811103588354773,,,,,,,,,,,
0.1838,0.730278491973877,7.905664635522457e-06,1.8144888287068381,,,,,,,,,,,
0.0407,6.916643142700195,7.88309636650869e-06,1.8178740690589033,,,,,,,,,,,
0.2198,21.27385902404785,7.860528097494922e-06,1.8212593094109681,,,,,,,,,,,
0.199,29.520517349243164,7.837959828481157e-06,1.824644549763033,,,,,,,,,,,
0.2544,14.98218059539795,7.81539155946739e-06,1.8280297901150981,,,,,,,,,,,
0.1571,3.7130279541015625,7.792823290453622e-06,1.8314150304671633,,,,,,,,,,,
0.1152,8.02686595916748,7.770255021439857e-06,1.8348002708192281,,,,,,,,,,,
0.16,7.421171188354492,7.74768675242609e-06,1.838185511171293,,,,,,,,,,,
0.2519,10.210221290588379,7.725118483412322e-06,1.8415707515233581,,,,,,,,,,,
0.23,41.27049255371094,7.702550214398557e-06,1.8449559918754233,,,,,,,,,,,
0.1024,17.977203369140625,7.67998194538479e-06,1.8483412322274881,,,,,,,,,,,
0.062,1.8455138206481934,7.657413676371022e-06,1.851726472579553,,,,,,,,,,,
0.0917,0.5939300656318665,7.634845407357257e-06,1.8551117129316181,,,,,,,,,,,
0.1015,12.155805587768555,7.61227713834349e-06,1.8584969532836833,,,,,,,,,,,
0.0912,0.10569125413894653,7.589708869329723e-06,1.8618821936357481,,,,,,,,,,,
0.1159,26.47950553894043,7.567140600315957e-06,1.865267433987813,,,,,,,,,,,
0.2391,28.812278747558594,7.54457233130219e-06,1.8686526743398781,,,,,,,,,,,
0.1638,3.7060749530792236,7.522004062288423e-06,1.8720379146919433,,,,,,,,,,,
0.147,5.935441970825195,7.499435793274657e-06,1.8754231550440081,,,,,,,,,,,
0.3488,12.869569778442383,7.47686752426089e-06,1.878808395396073,,,,,,,,,,,
0.0508,5.853365898132324,7.454299255247123e-06,1.8821936357481381,,,,,,,,,,,
0.0241,3.4656119346618652,7.431730986233357e-06,1.8855788761002032,,,,,,,,,,,
0.2324,6.154058933258057,7.40916271721959e-06,1.8889641164522681,,,,,,,,,,,
0.0662,1.4371509552001953,7.386594448205823e-06,1.892349356804333,,,,,,,,,,,
0.1183,7.13493013381958,7.364026179192057e-06,1.8957345971563981,,,,,,,,,,,
0.1919,2.482950210571289,7.34145791017829e-06,1.8991198375084632,,,,,,,,,,,
0.1066,6.084231853485107,7.318889641164524e-06,1.9025050778605281,,,,,,,,,,,
0.1989,20.043603897094727,7.2963213721507566e-06,1.905890318212593,,,,,,,,,,,
0.1223,11.848644256591797,7.27375310313699e-06,1.9092755585646581,,,,,,,,,,,
0.1762,20.46709442138672,7.251184834123224e-06,1.9126607989167232,,,,,,,,,,,
0.1158,22.81620979309082,7.2286165651094565e-06,1.9160460392687881,,,,,,,,,,,
0.2302,11.670638084411621,7.20604829609569e-06,1.919431279620853,,,,,,,,,,,
0.1405,3.296760320663452,7.183480027081924e-06,1.9228165199729181,,,,,,,,,,,
0.1504,29.080575942993164,7.1609117580681565e-06,1.926201760324983,,,,,,,,,,,
0.2103,12.688002586364746,7.13834348905439e-06,1.929587000677048,,,,,,,,,,,
0.1328,0.19496352970600128,7.115775220040624e-06,1.932972241029113,,,,,,,,,,,
0.1269,8.413676261901855,7.0932069510268565e-06,1.9363574813811781,,,,,,,,,,,
0.1035,15.651144027709961,7.07063868201309e-06,1.939742721733243,,,,,,,,,,,
0.2588,1.7304080724716187,7.048070412999324e-06,1.943127962085308,,,,,,,,,,,
0.2235,16.560503005981445,7.0255021439855565e-06,1.946513202437373,,,,,,,,,,,
0.1633,8.420226097106934,7.00293387497179e-06,1.9498984427894381,,,,,,,,,,,
0.0682,11.759814262390137,6.980365605958024e-06,1.953283683141503,,,,,,,,,,,
0.1201,0.6069079041481018,6.9577973369442564e-06,1.956668923493568,,,,,,,,,,,
0.1783,12.551315307617188,6.93522906793049e-06,1.960054163845633,,,,,,,,,,,
0.1808,23.085006713867188,6.912660798916724e-06,1.9634394041976981,,,,,,,,,,,
0.1701,13.477705001831055,6.890092529902957e-06,1.966824644549763,,,,,,,,,,,
0.2412,27.650083541870117,6.86752426088919e-06,1.970209884901828,,,,,,,,,,,
0.0947,8.947027206420898,6.844955991875424e-06,1.973595125253893,,,,,,,,,,,
0.2769,39.75718688964844,6.822387722861657e-06,1.9769803656059581,,,,,,,,,,,
0.2047,17.711877822875977,6.79981945384789e-06,1.980365605958023,,,,,,,,,,,
0.1974,26.80795669555664,6.777251184834124e-06,1.983750846310088,,,,,,,,,,,
0.172,13.631636619567871,6.754682915820357e-06,1.987136086662153,,,,,,,,,,,
0.1894,18.456111907958984,6.73211464680659e-06,1.9905213270142181,,,,,,,,,,,
0.1678,19.571735382080078,6.7095463777928236e-06,1.993906567366283,,,,,,,,,,,
0.2527,38.008880615234375,6.686978108779057e-06,1.997291807718348,,,,,,,,,,,
,,,2.0,0.7372034192085266,0.8411851851851851,0.8404942241799038,1365.6679,7.414,0.116,,,,,
0.1699,1.0903483629226685,6.66440983976529e-06,2.000677048070413,,,,,,,,,,,
0.18,1.2824703454971313,6.6418415707515235e-06,2.004062288422478,,,,,,,,,,,
0.0734,7.353913307189941,6.619273301737757e-06,2.007447528774543,,,,,,,,,,,
0.0984,1.5768810510635376,6.59670503272399e-06,2.010832769126608,,,,,,,,,,,
0.292,16.223962783813477,6.5741367637102235e-06,2.014218009478673,,,,,,,,,,,
0.0541,5.662784576416016,6.551568494696457e-06,2.017603249830738,,,,,,,,,,,
0.0383,10.56230640411377,6.5290002256826916e-06,2.020988490182803,,,,,,,,,,,
0.2352,14.363865852355957,6.5064319566689235e-06,2.024373730534868,,,,,,,,,,,
0.2052,19.322996139526367,6.483863687655157e-06,2.027758970886933,,,,,,,,,,,
0.1254,15.334219932556152,6.4612954186413915e-06,2.031144211238998,,,,,,,,,,,
0.1548,1.9550191164016724,6.4387271496276234e-06,2.034529451591063,,,,,,,,,,,
0.1962,14.786781311035156,6.416158880613858e-06,2.037914691943128,,,,,,,,,,,
0.0931,1.4742944240570068,6.3935906116000915e-06,2.041299932295193,,,,,,,,,,,
0.1442,15.647271156311035,6.371022342586323e-06,2.044685172647258,,,,,,,,,,,
0.0798,32.82465362548828,6.348454073572558e-06,2.048070412999323,,,,,,,,,,,
0.111,22.374021530151367,6.3258858045587915e-06,2.051455653351388,,,,,,,,,,,
0.1159,10.419610977172852,6.303317535545023e-06,2.054840893703453,,,,,,,,,,,
0.1226,6.352982044219971,6.280749266531258e-06,2.058226134055518,,,,,,,,,,,
0.1187,3.271247386932373,6.2581809975174915e-06,2.061611374407583,,,,,,,,,,,
0.0699,0.7560990452766418,6.235612728503723e-06,2.064996614759648,,,,,,,,,,,
0.1022,5.3022541999816895,6.213044459489958e-06,2.068381855111713,,,,,,,,,,,
0.2037,4.070179462432861,6.1904761904761914e-06,2.071767095463778,,,,,,,,,,,
0.1682,39.757774353027344,6.167907921462424e-06,2.075152335815843,,,,,,,,,,,
0.1498,0.37163329124450684,6.145339652448658e-06,2.078537576167908,,,,,,,,,,,
0.0681,2.530487537384033,6.122771383434891e-06,2.081922816519973,,,,,,,,,,,
0.1809,22.813966751098633,6.100203114421125e-06,2.085308056872038,,,,,,,,,,,
0.2363,29.193326950073242,6.077634845407358e-06,2.088693297224103,,,,,,,,,,,
0.2402,24.541767120361328,6.055066576393591e-06,2.092078537576168,,,,,,,,,,,
0.1046,19.987035751342773,6.032498307379825e-06,2.095463777928233,,,,,,,,,,,
0.0685,5.669846057891846,6.009930038366058e-06,2.0988490182802977,,,,,,,,,,,
0.07,0.7987880706787109,5.987361769352291e-06,2.102234258632363,,,,,,,,,,,
0.1123,37.864837646484375,5.964793500338525e-06,2.105619498984428,,,,,,,,,,,
0.0819,23.315914154052734,5.942225231324758e-06,2.109004739336493,,,,,,,,,,,
0.0884,17.885923385620117,5.919656962310991e-06,2.1123899796885577,,,,,,,,,,,
0.2211,14.05360221862793,5.897088693297225e-06,2.115775220040623,,,,,,,,,,,
0.1422,1.6289751529693604,5.874520424283458e-06,2.119160460392688,,,,,,,,,,,
0.0623,24.252397537231445,5.851952155269691e-06,2.122545700744753,,,,,,,,,,,
0.1345,6.328207969665527,5.829383886255925e-06,2.1259309410968177,,,,,,,,,,,
0.1117,7.246001243591309,5.806815617242158e-06,2.129316181448883,,,,,,,,,,,
0.1151,16.518644332885742,5.784247348228391e-06,2.132701421800948,,,,,,,,,,,
0.093,3.531653642654419,5.761679079214625e-06,2.136086662153013,,,,,,,,,,,
0.1033,2.855670690536499,5.7391108102008585e-06,2.1394719025050777,,,,,,,,,,,
0.0813,9.989372253417969,5.716542541187091e-06,2.142857142857143,,,,,,,,,,,
0.184,15.53931713104248,5.693974272173325e-06,2.146242383209208,,,,,,,,,,,
0.0874,19.666017532348633,5.6714060031595584e-06,2.149627623561273,,,,,,,,,,,
0.1484,9.644079208374023,5.648837734145791e-06,2.1530128639133377,,,,,,,,,,,
0.1326,7.643002986907959,5.626269465132025e-06,2.156398104265403,,,,,,,,,,,
0.0954,0.3822746276855469,5.603701196118258e-06,2.159783344617468,,,,,,,,,,,
0.1198,3.5027871131896973,5.581132927104491e-06,2.163168584969533,,,,,,,,,,,
0.1204,23.09432029724121,5.558564658090725e-06,2.1665538253215977,,,,,,,,,,,
0.1601,5.605247974395752,5.535996389076958e-06,2.169939065673663,,,,,,,,,,,
0.1351,15.605315208435059,5.513428120063191e-06,2.173324306025728,,,,,,,,,,,
0.1192,5.601910591125488,5.490859851049425e-06,2.176709546377793,,,,,,,,,,,
0.0898,2.1044740676879883,5.468291582035658e-06,2.1800947867298577,,,,,,,,,,,
0.2526,30.72028923034668,5.445723313021891e-06,2.183480027081923,,,,,,,,,,,
0.0592,1.044231653213501,5.423155044008125e-06,2.186865267433988,,,,,,,,,,,
0.1337,18.49858856201172,5.400586774994358e-06,2.190250507786053,,,,,,,,,,,
0.1774,0.23156894743442535,5.378018505980592e-06,2.1936357481381177,,,,,,,,,,,
0.2109,15.111249923706055,5.355450236966825e-06,2.197020988490183,,,,,,,,,,,
0.1097,12.27138900756836,5.332881967953058e-06,2.200406228842248,,,,,,,,,,,
0.1386,21.091707229614258,5.310313698939292e-06,2.2037914691943126,,,,,,,,,,,
0.1921,17.44403839111328,5.287745429925525e-06,2.2071767095463777,,,,,,,,,,,
0.2429,3.429717779159546,5.265177160911758e-06,2.210561949898443,,,,,,,,,,,
0.0529,31.483829498291016,5.242608891897992e-06,2.213947190250508,,,,,,,,,,,
0.1991,12.538761138916016,5.220040622884225e-06,2.217332430602573,,,,,,,,,,,
0.1482,4.787810325622559,5.197472353870458e-06,2.2207176709546377,,,,,,,,,,,
0.0574,1.3148059844970703,5.174904084856692e-06,2.224102911306703,,,,,,,,,,,
0.154,14.249513626098633,5.152335815842925e-06,2.227488151658768,,,,,,,,,,,
0.1923,1.824173092842102,5.129767546829158e-06,2.2308733920108326,,,,,,,,,,,
0.102,0.5348829627037048,5.107199277815393e-06,2.2342586323628977,,,,,,,,,,,
0.1732,0.19943712651729584,5.084631008801625e-06,2.237643872714963,,,,,,,,,,,
0.1352,30.575462341308594,5.062062739787858e-06,2.241029113067028,,,,,,,,,,,
0.0687,1.4745110273361206,5.039494470774093e-06,2.2444143534190926,,,,,,,,,,,
0.1085,21.9034481048584,5.0169262017603246e-06,2.2477995937711577,,,,,,,,,,,
0.1108,1.9126100540161133,4.994357932746558e-06,2.251184834123223,,,,,,,,,,,
0.0997,3.8279340267181396,4.971789663732793e-06,2.254570074475288,,,,,,,,,,,
0.1491,5.0233941078186035,4.949221394719025e-06,2.2579553148273526,,,,,,,,,,,
0.2345,21.205394744873047,4.926653125705258e-06,2.2613405551794177,,,,,,,,,,,
0.1883,15.704117774963379,4.904084856691493e-06,2.264725795531483,,,,,,,,,,,
0.1824,32.36019515991211,4.881516587677725e-06,2.268111035883548,,,,,,,,,,,
0.0741,1.2939597368240356,4.858948318663959e-06,2.2714962762356126,,,,,,,,,,,
0.0753,22.428613662719727,4.8363800496501926e-06,2.2748815165876777,,,,,,,,,,,
0.088,11.806548118591309,4.813811780636425e-06,2.278266756939743,,,,,,,,,,,
0.155,18.55945587158203,4.791243511622659e-06,2.281651997291808,,,,,,,,,,,
0.3206,28.9160099029541,4.7686752426088925e-06,2.2850372376438726,,,,,,,,,,,
0.1266,8.487015724182129,4.746106973595125e-06,2.2884224779959377,,,,,,,,,,,
0.1272,26.60246467590332,4.723538704581359e-06,2.291807718348003,,,,,,,,,,,
0.0804,24.075681686401367,4.7009704355675925e-06,2.295192958700068,,,,,,,,,,,
0.1362,2.5274600982666016,4.678402166553826e-06,2.2985781990521326,,,,,,,,,,,
0.1803,18.70825958251953,4.655833897540059e-06,2.3019634394041977,,,,,,,,,,,
0.1627,1.578269124031067,4.6332656285262925e-06,2.305348679756263,,,,,,,,,,,
0.1871,11.572346687316895,4.610697359512526e-06,2.3087339201083275,,,,,,,,,,,
0.1709,18.9803466796875,4.588129090498759e-06,2.3121191604603926,,,,,,,,,,,
0.1478,14.886502265930176,4.5655608214849925e-06,2.3155044008124577,,,,,,,,,,,
0.255,22.10291862487793,4.542992552471226e-06,2.318889641164523,,,,,,,,,,,
0.1254,2.712385654449463,4.520424283457459e-06,2.322274881516588,,,,,,,,,,,
0.0627,8.407774925231934,4.4978560144436924e-06,2.3256601218686526,,,,,,,,,,,
0.1564,2.5786845684051514,4.475287745429926e-06,2.3290453622207177,,,,,,,,,,,
0.1572,0.029276128858327866,4.452719476416159e-06,2.332430602572783,,,,,,,,,,,
0.0881,13.268231391906738,4.430151207402392e-06,2.3358158429248475,,,,,,,,,,,
0.2,30.903825759887695,4.407582938388626e-06,2.3392010832769126,,,,,,,,,,,
0.186,2.9804375171661377,4.385014669374859e-06,2.3425863236289777,,,,,,,,,,,
0.1341,16.32765769958496,4.362446400361092e-06,2.345971563981043,,,,,,,,,,,
0.0678,7.61161994934082,4.339878131347326e-06,2.349356804333108,,,,,,,,,,,
0.1334,11.464717864990234,4.31730986233356e-06,2.3527420446851726,,,,,,,,,,,
0.0763,2.738102674484253,4.294741593319793e-06,2.3561272850372377,,,,,,,,,,,
0.2464,8.91064453125,4.272173324306026e-06,2.359512525389303,,,,,,,,,,,
0.1023,0.4313228130340576,4.2496050552922596e-06,2.3628977657413675,,,,,,,,,,,
0.0774,1.9400466680526733,4.227036786278493e-06,2.3662830060934326,,,,,,,,,,,
0.151,0.9072654843330383,4.204468517264726e-06,2.3696682464454977,,,,,,,,,,,
0.0478,9.131999969482422,4.1819002482509595e-06,2.373053486797563,,,,,,,,,,,
0.1017,1.5479094982147217,4.159331979237193e-06,2.3764387271496275,,,,,,,,,,,
0.1028,6.012157917022705,4.136763710223426e-06,2.3798239675016926,,,,,,,,,,,
0.0939,13.477503776550293,4.1141954412096595e-06,2.3832092078537577,,,,,,,,,,,
0.1149,4.897721767425537,4.091627172195893e-06,2.386594448205823,,,,,,,,,,,
0.0836,0.13966479897499084,4.069058903182127e-06,2.3899796885578874,,,,,,,,,,,
0.1703,22.254331588745117,4.0464906341683595e-06,2.3933649289099526,,,,,,,,,,,
0.1536,23.686969757080078,4.023922365154593e-06,2.3967501692620177,,,,,,,,,,,
0.17,28.11518096923828,4.001354096140827e-06,2.400135409614083,,,,,,,,,,,
0.1577,10.800387382507324,3.9787858271270595e-06,2.4035206499661474,,,,,,,,,,,
0.0873,10.262619018554688,3.956217558113293e-06,2.4069058903182126,,,,,,,,,,,
0.095,1.1302564144134521,3.933649289099527e-06,2.4102911306702777,,,,,,,,,,,
0.1103,9.19168472290039,3.9110810200857594e-06,2.4136763710223423,,,,,,,,,,,
0.098,2.0395667552948,3.888512751071993e-06,2.4170616113744074,,,,,,,,,,,
0.0716,7.708913803100586,3.865944482058227e-06,2.4204468517264726,,,,,,,,,,,
0.0893,4.7707295417785645,3.843376213044459e-06,2.4238320920785377,,,,,,,,,,,
0.2665,14.134840965270996,3.820807944030693e-06,2.427217332430603,,,,,,,,,,,
0.211,11.420839309692383,3.7982396750169266e-06,2.4306025727826674,,,,,,,,,,,
0.0495,26.449790954589844,3.77567140600316e-06,2.4339878131347326,,,,,,,,,,,
0.1395,3.479464292526245,3.7531031369893934e-06,2.4373730534867977,,,,,,,,,,,
0.1659,25.68362808227539,3.7305348679756266e-06,2.4407582938388623,,,,,,,,,,,
0.1855,32.84231948852539,3.70796659896186e-06,2.4441435341909274,,,,,,,,,,,
0.0696,2.061049461364746,3.6853983299480934e-06,2.4475287745429926,,,,,,,,,,,
0.1272,0.1027412936091423,3.6628300609343266e-06,2.4509140148950577,,,,,,,,,,,
0.2379,20.60923194885254,3.64026179192056e-06,2.454299255247123,,,,,,,,,,,
0.1287,12.884748458862305,3.6176935229067934e-06,2.4576844955991874,,,,,,,,,,,
0.1295,0.9209023118019104,3.5951252538930265e-06,2.4610697359512526,,,,,,,,,,,
0.131,0.29078683257102966,3.57255698487926e-06,2.4644549763033177,,,,,,,,,,,
0.0752,15.013214111328125,3.5499887158654933e-06,2.4678402166553823,,,,,,,,,,,
0.0728,11.413537979125977,3.527420446851727e-06,2.4712254570074474,,,,,,,,,,,
0.0982,1.17959725856781,3.50485217783796e-06,2.4746106973595126,,,,,,,,,,,
0.1233,6.757644176483154,3.4822839088241933e-06,2.4779959377115777,,,,,,,,,,,
0.2009,15.079460144042969,3.459715639810427e-06,2.4813811780636423,,,,,,,,,,,
0.1013,3.5395162105560303,3.43714737079666e-06,2.4847664184157074,,,,,,,,,,,
0.2168,11.973183631896973,3.4145791017828933e-06,2.4881516587677726,,,,,,,,,,,
0.1451,25.527711868286133,3.392010832769127e-06,2.4915368991198377,,,,,,,,,,,
0.1039,0.4705888032913208,3.36944256375536e-06,2.4949221394719023,,,,,,,,,,,
0.1021,12.66153621673584,3.3468742947415937e-06,2.4983073798239674,,,,,,,,,,,
0.12,10.118545532226562,3.324306025727827e-06,2.5016926201760326,,,,,,,,,,,
0.2241,28.225812911987305,3.30173775671406e-06,2.5050778605280977,,,,,,,,,,,
0.1781,19.719980239868164,3.279169487700294e-06,2.5084631008801623,,,,,,,,,,,
0.1007,17.23563003540039,3.256601218686527e-06,2.5118483412322274,,,,,,,,,,,
0.1989,19.23020362854004,3.23403294967276e-06,2.5152335815842926,,,,,,,,,,,
0.1,0.392315536737442,3.211464680658994e-06,2.518618821936357,,,,,,,,,,,
0.0985,23.540390014648438,3.188896411645227e-06,2.5220040622884223,,,,,,,,,,,
0.1249,15.97348403930664,3.16632814263146e-06,2.5253893026404874,,,,,,,,,,,
0.1339,0.759097158908844,3.143759873617694e-06,2.5287745429925526,,,,,,,,,,,
0.1253,13.10914134979248,3.121191604603927e-06,2.5321597833446177,,,,,,,,,,,
0.1717,30.208049774169922,3.098623335590161e-06,2.5355450236966823,,,,,,,,,,,
0.1035,34.79161071777344,3.076055066576394e-06,2.5389302640487474,,,,,,,,,,,
0.0769,0.2007618099451065,3.053486797562627e-06,2.5423155044008126,,,,,,,,,,,
0.1079,28.40750503540039,3.0309185285488608e-06,2.545700744752877,,,,,,,,,,,
0.2012,29.628801345825195,3.008350259535094e-06,2.5490859851049423,,,,,,,,,,,
0.1649,1.6244221925735474,2.985781990521327e-06,2.5524712254570074,,,,,,,,,,,
0.0789,9.499704360961914,2.9632137215075607e-06,2.5558564658090726,,,,,,,,,,,
0.1506,7.891873836517334,2.940645452493794e-06,2.5592417061611377,,,,,,,,,,,
0.1097,14.868417739868164,2.9180771834800275e-06,2.5626269465132023,,,,,,,,,,,
0.1013,1.1552460193634033,2.8955089144662607e-06,2.5660121868652674,,,,,,,,,,,
0.1821,6.864096641540527,2.872940645452494e-06,2.5693974272173326,,,,,,,,,,,
0.1708,12.24172306060791,2.8503723764387275e-06,2.572782667569397,,,,,,,,,,,
0.1674,13.24281120300293,2.8278041074249607e-06,2.5761679079214623,,,,,,,,,,,
0.141,0.8292366862297058,2.805235838411194e-06,2.5795531482735274,,,,,,,,,,,
0.0844,6.029432773590088,2.7826675693974275e-06,2.5829383886255926,,,,,,,,,,,
0.0826,1.1605502367019653,2.7600993003836607e-06,2.5863236289776577,,,,,,,,,,,
0.0971,7.593871116638184,2.7375310313698943e-06,2.5897088693297223,,,,,,,,,,,
0.1524,10.983325958251953,2.7149627623561275e-06,2.5930941096817874,,,,,,,,,,,
0.0953,2.5914602279663086,2.6923944933423606e-06,2.5964793500338526,,,,,,,,,,,
0.1726,1.4374477863311768,2.6698262243285942e-06,2.599864590385917,,,,,,,,,,,
0.091,12.083817481994629,2.6472579553148274e-06,2.6032498307379823,,,,,,,,,,,
0.0738,4.5422515869140625,2.6246896863010606e-06,2.6066350710900474,,,,,,,,,,,
0.1816,0.2878565490245819,2.6021214172872942e-06,2.6100203114421126,,,,,,,,,,,
0.1478,26.418807983398438,2.5795531482735274e-06,2.6134055517941777,,,,,,,,,,,
0.1739,14.7471342086792,2.5569848792597614e-06,2.6167907921462423,,,,,,,,,,,
0.104,7.004552364349365,2.534416610245994e-06,2.6201760324983074,,,,,,,,,,,
0.0793,12.223209381103516,2.5118483412322274e-06,2.623561272850372,,,,,,,,,,,
0.1602,15.432433128356934,2.489280072218461e-06,2.626946513202437,,,,,,,,,,,
0.0621,20.34037971496582,2.4667118032046946e-06,2.6303317535545023,,,,,,,,,,,
0.0847,33.49284744262695,2.4441435341909278e-06,2.6337169939065674,,,,,,,,,,,
0.1421,16.015869140625,2.4215752651771614e-06,2.6371022342586325,,,,,,,,,,,
0.1348,20.8580379486084,2.3990069961633946e-06,2.640487474610697,,,,,,,,,,,
0.1171,7.432037353515625,2.3764387271496277e-06,2.6438727149627623,,,,,,,,,,,
0.2007,15.329339981079102,2.3538704581358613e-06,2.6472579553148274,,,,,,,,,,,
0.1237,1.0813312530517578,2.3313021891220945e-06,2.650643195666892,,,,,,,,,,,
0.0979,24.477323532104492,2.3087339201083277e-06,2.654028436018957,,,,,,,,,,,
0.1506,8.676997184753418,2.2861656510945613e-06,2.6574136763710223,,,,,,,,,,,
0.129,30.68568992614746,2.2635973820807945e-06,2.6607989167230874,,,,,,,,,,,
0.0891,2.4349758625030518,2.2410291130670277e-06,2.6641841570751525,,,,,,,,,,,
0.065,10.83544921875,2.2184608440532613e-06,2.667569397427217,,,,,,,,,,,
0.1817,23.829208374023438,2.1958925750394945e-06,2.6709546377792823,,,,,,,,,,,
0.1927,31.990697860717773,2.173324306025728e-06,2.6743398781313474,,,,,,,,,,,
0.0914,0.872910737991333,2.1507560370119613e-06,2.677725118483412,,,,,,,,,,,
0.1005,33.208831787109375,2.1281877679981944e-06,2.681110358835477,,,,,,,,,,,
0.0525,10.237502098083496,2.105619498984428e-06,2.6844955991875423,,,,,,,,,,,
0.09,2.2902228832244873,2.0830512299706617e-06,2.6878808395396074,,,,,,,,,,,
0.1016,20.262697219848633,2.060482960956895e-06,2.6912660798916725,,,,,,,,,,,
0.1617,7.734050273895264,2.037914691943128e-06,2.694651320243737,,,,,,,,,,,
0.1545,0.6012949347496033,2.0153464229293616e-06,2.6980365605958023,,,,,,,,,,,
0.1915,19.526355743408203,1.992778153915595e-06,2.7014218009478674,,,,,,,,,,,
0.1628,19.88837432861328,1.970209884901828e-06,2.704807041299932,,,,,,,,,,,
0.0844,12.559686660766602,1.9476416158880616e-06,2.708192281651997,,,,,,,,,,,
0.1272,21.891651153564453,1.925073346874295e-06,2.7115775220040623,,,,,,,,,,,
0.1756,46.85449981689453,1.9025050778605284e-06,2.7149627623561274,,,,,,,,,,,
0.1142,10.970990180969238,1.8799368088467616e-06,2.7183480027081925,,,,,,,,,,,
0.1257,3.099184513092041,1.857368539832995e-06,2.721733243060257,,,,,,,,,,,
0.1196,0.3275599777698517,1.8348002708192284e-06,2.7251184834123223,,,,,,,,,,,
0.0987,35.144508361816406,1.8122320018054618e-06,2.7285037237643874,,,,,,,,,,,
0.149,5.380528926849365,1.789663732791695e-06,2.731888964116452,,,,,,,,,,,
0.1191,25.537179946899414,1.7670954637779283e-06,2.735274204468517,,,,,,,,,,,
0.0806,25.185579299926758,1.7445271947641617e-06,2.7386594448205823,,,,,,,,,,,
0.0356,6.52793025970459,1.7219589257503951e-06,2.7420446851726474,,,,,,,,,,,
0.1595,12.06620979309082,1.6993906567366283e-06,2.745429925524712,,,,,,,,,,,
0.0795,46.99983215332031,1.6768223877228617e-06,2.748815165876777,,,,,,,,,,,
0.159,0.1266576647758484,1.654254118709095e-06,2.7522004062288423,,,,,,,,,,,
0.1016,39.84280776977539,1.6316858496953287e-06,2.755585646580907,,,,,,,,,,,
0.095,22.488704681396484,1.6091175806815617e-06,2.758970886932972,,,,,,,,,,,
0.1214,0.07736925035715103,1.5865493116677953e-06,2.762356127285037,,,,,,,,,,,
0.2244,15.5089693069458,1.5639810426540287e-06,2.7657413676371023,,,,,,,,,,,
0.1182,15.062187194824219,1.541412773640262e-06,2.7691266079891674,,,,,,,,,,,
0.1643,24.29750633239746,1.5188445046264953e-06,2.772511848341232,,,,,,,,,,,
0.1407,28.058691024780273,1.4962762356127287e-06,2.775897088693297,,,,,,,,,,,
0.0826,0.08179432898759842,1.473707966598962e-06,2.7792823290453623,,,,,,,,,,,
0.1433,13.75395393371582,1.4511396975851954e-06,2.782667569397427,,,,,,,,,,,
0.2011,15.845840454101562,1.4285714285714286e-06,2.786052809749492,,,,,,,,,,,
0.097,28.61189079284668,1.406003159557662e-06,2.789438050101557,,,,,,,,,,,
0.1602,0.3221484422683716,1.3834348905438954e-06,2.7928232904536223,,,,,,,,,,,
0.0881,19.273134231567383,1.3608666215301288e-06,2.7962085308056874,,,,,,,,,,,
0.1347,2.2564828395843506,1.338298352516362e-06,2.799593771157752,,,,,,,,,,,
0.1723,28.032424926757812,1.3157300835025954e-06,2.802979011509817,,,,,,,,,,,
0.0986,22.729930877685547,1.2931618144888288e-06,2.8063642518618823,,,,,,,,,,,
0.1316,20.993938446044922,1.270593545475062e-06,2.809749492213947,,,,,,,,,,,
0.0823,0.543274462223053,1.2480252764612954e-06,2.813134732566012,,,,,,,,,,,
0.1414,0.8509048819541931,1.225457007447529e-06,2.816519972918077,,,,,,,,,,,
0.1285,23.291656494140625,1.2028887384337622e-06,2.8199052132701423,,,,,,,,,,,
0.1869,0.17945870757102966,1.1803204694199955e-06,2.8232904536222074,,,,,,,,,,,
0.0986,0.42338597774505615,1.157752200406229e-06,2.826675693974272,,,,,,,,,,,
0.0849,1.391611933708191,1.1351839313924623e-06,2.830060934326337,,,,,,,,,,,
0.0479,0.47551268339157104,1.1126156623786955e-06,2.8334461746784023,,,,,,,,,,,
0.0878,0.1677599400281906,1.090047393364929e-06,2.836831415030467,,,,,,,,,,,
0.0699,5.078639507293701,1.0674791243511623e-06,2.840216655382532,,,,,,,,,,,
0.1163,8.187505722045898,1.0449108553373957e-06,2.843601895734597,,,,,,,,,,,
0.136,22.738056182861328,1.022342586323629e-06,2.8469871360866623,,,,,,,,,,,
0.2028,23.072351455688477,9.997743173098625e-07,2.850372376438727,,,,,,,,,,,
0.1056,0.06288421899080276,9.772060482960957e-07,2.853757616790792,,,,,,,,,,,
0.1325,11.595924377441406,9.54637779282329e-07,2.857142857142857,,,,,,,,,,,
0.1497,2.1840803623199463,9.320695102685625e-07,2.860528097494922,,,,,,,,,,,
0.0928,0.9139466881752014,9.095012412547959e-07,2.863913337846987,,,,,,,,,,,
0.1626,2.252274513244629,8.869329722410292e-07,2.867298578199052,,,,,,,,,,,
0.1372,0.7436620593070984,8.643647032272625e-07,2.870683818551117,,,,,,,,,,,
0.1207,19.171348571777344,8.417964342134958e-07,2.8740690589031823,,,,,,,,,,,
0.0835,0.6428045630455017,8.192281651997292e-07,2.877454299255247,,,,,,,,,,,
0.0597,2.7765350341796875,7.966598961859625e-07,2.880839539607312,,,,,,,,,,,
0.0654,0.48772454261779785,7.74091627172196e-07,2.884224779959377,,,,,,,,,,,
0.2241,2.7040181159973145,7.515233581584293e-07,2.887610020311442,,,,,,,,,,,
0.1977,12.665467262268066,7.289550891446627e-07,2.890995260663507,,,,,,,,,,,
0.1327,16.323915481567383,7.06386820130896e-07,2.894380501015572,,,,,,,,,,,
0.0513,1.921650767326355,6.838185511171294e-07,2.897765741367637,,,,,,,,,,,
0.158,17.9960994720459,6.612502821033627e-07,2.9011509817197023,,,,,,,,,,,
0.114,12.039718627929688,6.386820130895962e-07,2.904536222071767,,,,,,,,,,,
0.0589,0.48884862661361694,6.161137440758294e-07,2.907921462423832,,,,,,,,,,,
0.1913,1.3181475400924683,5.935454750620628e-07,2.911306702775897,,,,,,,,,,,
0.142,15.433980941772461,5.709772060482961e-07,2.914691943127962,,,,,,,,,,,
0.2536,12.084478378295898,5.484089370345294e-07,2.918077183480027,,,,,,,,,,,
0.1168,7.306286811828613,5.258406680207628e-07,2.921462423832092,,,,,,,,,,,
0.175,19.74883270263672,5.032723990069962e-07,2.924847664184157,,,,,,,,,,,
0.1083,19.372074127197266,4.807041299932295e-07,2.9282329045362223,,,,,,,,,,,
0.1311,17.563066482543945,4.581358609794629e-07,2.931618144888287,,,,,,,,,,,
0.1646,26.938955307006836,4.3556759196569625e-07,2.935003385240352,,,,,,,,,,,
0.1323,8.242145538330078,4.129993229519296e-07,2.938388625592417,,,,,,,,,,,
0.1063,40.76667785644531,3.90431053938163e-07,2.941773865944482,,,,,,,,,,,
0.1208,17.497854232788086,3.6786278492439633e-07,2.945159106296547,,,,,,,,,,,
0.1414,19.558210372924805,3.4529451591062967e-07,2.948544346648612,,,,,,,,,,,
0.1667,6.597595691680908,3.22726246896863e-07,2.951929587000677,,,,,,,,,,,
0.2474,4.8727335929870605,3.001579778830964e-07,2.9553148273527423,,,,,,,,,,,
0.1501,45.67585754394531,2.7758970886932975e-07,2.958700067704807,,,,,,,,,,,
0.178,20.50963020324707,2.550214398555631e-07,2.962085308056872,,,,,,,,,,,
0.0321,5.0227861404418945,2.3245317084179646e-07,2.9654705484089368,,,,,,,,,,,
0.1743,20.70099639892578,2.098849018280298e-07,2.968855788761002,,,,,,,,,,,
0.1304,5.915655612945557,1.8731663281426317e-07,2.972241029113067,,,,,,,,,,,
0.0736,17.061260223388672,1.6474836380049651e-07,2.975626269465132,,,,,,,,,,,
0.1432,4.768089294433594,1.4218009478672986e-07,2.979011509817197,,,,,,,,,,,
0.1254,23.1876277923584,1.1961182577296322e-07,2.982396750169262,,,,,,,,,,,
0.2963,11.006660461425781,9.704355675919658e-08,2.985781990521327,,,,,,,,,,,
0.1663,27.269826889038086,7.447528774542993e-08,2.989167230873392,,,,,,,,,,,
0.1348,21.898908615112305,5.190701873166328e-08,2.9925524712254568,,,,,,,,,,,
0.0822,1.0716203451156616,2.9338749717896642e-08,2.995937711577522,,,,,,,,,,,
0.1655,37.31422424316406,6.7704807041299935e-09,2.999322951929587,,,,,,,,,,,
,,,3.0,0.7529787421226501,0.8446419753086419,0.844010038872378,1371.9586,7.38,0.116,,,,,
,,,3.0,,,,,,,52359.1511,2.707,0.169,4696406350272000.0,0.16909423571889595
,,,3.0,0.6331939101219177,0.8359506172839506,0.8360480952521933,1412.3582,7.169,0.113,,,,,
