,prdtypecode
9,2582
71,2462
176,2585
183,2060
184,2583
251,1560
257,1301
296,2583
322,2705
332,40
415,50
437,1560
442,1940
477,10
497,2582
501,1281
508,2583
544,1920
550,10
556,40
564,1302
585,1302
590,2403
615,1320
634,2522
680,2462
712,2583
719,2583
727,40
751,1320
782,1320
819,1302
871,2705
879,2582
888,1920
889,1140
894,50
963,1320
1018,1320
1024,2403
1048,2585
1074,2522
1112,1280
1129,10
1143,1560
1150,1180
1175,2582
1191,2462
1201,1560
1213,2403
1249,2522
1294,2220
1300,1300
1316,1320
1325,2705
1334,2280
1336,1300
1362,1281
1370,1301
1374,2280
1416,1920
1440,1160
1480,2582
1494,2705
1530,1281
1541,1920
1559,1302
1563,2585
1598,2403
1617,40
1681,1920
1685,2583
1745,2403
1759,2583
1762,2060
1768,1320
1777,1280
1799,2220
1844,1180
1858,1140
1871,2583
1914,1302
1928,1281
1943,10
1944,1560
1945,2462
1949,1560
1958,1180
1988,40
1997,2705
2014,1560
2047,10
2051,1281
2061,50
2071,2582
2086,1302
2087,1280
2102,40
2114,2522
2146,2585
2165,2403
2166,2522
2239,60
2299,1302
2314,1160
2347,1160
2350,1302
2395,2522
2421,2705
2435,2582
2466,10
2496,1140
2501,10
2521,2403
2535,1301
2556,1320
2573,40
2588,1281
2607,2583
2611,2403
2645,1281
2680,2403
2696,2585
2740,2705
2754,1140
2783,2280
2796,1920
2807,1280
2866,1302
2908,2585
2918,2705
2928,1300
2990,2705
3003,2583
3012,2060
3014,1160
3073,10
3091,2522
3153,1920
3217,2403
3222,10
3309,1560
3354,2582
3370,2582
3389,40
3390,1300
3418,2462
3461,10
3475,2585
3487,2582
3588,2585
3597,1300
3681,40
3688,2583
3696,2705
3718,1140
3722,40
3727,40
3741,2403
3751,1302
3811,1300
3827,1300
3839,40
3895,40
3898,2522
3935,2403
4027,1301
4053,1160
4074,10
4075,1180
4110,1940
4193,1160
4237,1280
4239,1302
4257,2462
4288,2403
4292,40
4303,1560
4307,2585
4350,40
4378,1280
4385,2462
4418,2585
4424,1281
4460,50
4467,1281
4475,2522
4480,1140
4497,2403
4508,50
4511,50
4564,2522
4582,2280
4626,1280
4635,2220
4637,2905
4638,10
4650,2583
4692,2280
4724,2905
4748,1301
4772,1180
4791,2522
4812,2705
4843,2403
4845,2280
4857,50
4887,10
4900,10
4988,1302
5008,1302
5018,1281
5023,1300
5027,2582
5037,2705
5105,2522
5121,2585
5174,1140
5192,1281
5217,2060
5265,40
5276,2280
5345,1280
5386,10
5491,10
5514,2522
5543,2220
5553,2583
5560,40
5591,1280
5598,10
5601,1280
5608,2403
5664,2583
5703,1281
5722,50
5745,2522
5763,1920
5776,1302
5784,1140
5794,1300
5801,2585
5820,1920
5854,40
5888,2582
5968,1940
6041,2060
6055,1140
6082,2582
6090,1281
6114,1160
6126,50
6143,2582
6153,40
6182,1920
6247,1280
6293,1302
6314,1302
6402,2585
6422,40
6433,2705
6476,1920
6480,2705
6487,2585
6536,1920
6619,2582
6624,40
6633,2705
6669,1280
6714,1300
6723,2582
6728,1920
6755,50
6812,2280
6854,1302
6863,1320
6892,2403
6921,1281
6930,2522
6944,1281
6995,2522
7050,2403
7088,2403
7136,10
7246,50
7265,2585
7298,2280
7322,1300
7412,1560
7451,10
7456,2585
7462,2705
7487,2583
7538,50
7554,1160
7557,1302
7558,2220
7574,2905
7589,2585
7591,50
7596,2583
7609,10
7650,1160
7655,1320
7674,1302
7696,10
7702,1300
7706,1560
7745,1280
7764,1280
7777,1320
7804,10
7864,1280
7894,1160
7902,1160
7957,2403
7979,2462
8011,2705
8019,1560
8094,1140
8117,1280
8157,1140
8206,1180
8293,2522
8337,2060
8403,1302
8408,1560
8433,2280
8435,1560
8455,2585
8460,1920
8478,2060
8501,60
8558,1300
8666,1301
8714,2905
8725,40
8741,1320
8777,1300
8809,60
8825,1302
8850,10
8892,1280
8904,50
8905,1281
8923,50
8962,2583
8967,1160
9066,1560
9070,1320
9076,50
9098,2280
9119,1160
9125,2585
9127,1160
9135,2060
9153,40
9189,1140
9207,2705
9224,1920
9226,10
9243,1280
9246,2583
9304,1920
9308,2585
9330,2522
9353,2060
9445,40
9533,1180
9566,2060
9573,50
9642,1560
9656,2582
9680,1300
9697,2705
9710,2403
9751,50
9756,2462
9790,1302
9889,2585
9907,2403
9910,1160
10034,2403
10082,1320
10158,10
10162,2462
10186,1560
10247,1560
10252,1560
10280,1280
10287,1302
10376,1300
10391,2583
10398,2585
10405,1302
10455,2403
10474,1920
10484,1920
10564,1302
10588,2582
10591,40
10631,2522
10661,1180
10667,1560
10693,10
10705,1560
10708,2582
10710,1281
10731,2060
10790,2585
10794,1281
10814,1320
10876,1940
10904,1560
10906,1300
10950,1140
10954,1560
10994,2280
11010,40
11036,1281
11072,2220
11108,1140
11114,1302
11117,1281
11118,2280
11153,2582
11208,1281
11236,2582
11262,10
11277,1180
11280,2280
11308,1140
11389,1281
11427,60
11458,40
11467,1920
11508,2280
11518,1300
11529,60
11531,60
11540,2462
11549,1940
11558,1280
11595,2585
11615,2522
11647,2060
11662,1560
11683,50
11684,2403
11693,2582
11719,1180
11731,2582
11761,1140
11770,1940
11817,2585
11827,50
11867,2522
11902,2462
11926,2522
11930,50
11939,2583
12017,1302
12022,2462
12062,2403
12090,1300
12141,2585
12149,1300
12157,1280
12194,1280
12232,2585
12246,2583
12250,1302
12307,10
12323,1560
12333,10
12351,2280
12426,1140
12427,50
12467,2280
12530,2585
12560,2583
12571,1281
12587,2462
12596,1160
12649,1281
12655,1301
12713,2582
12714,1920
12748,2462
12801,1160
12834,1280
12855,1300
12863,2905
12890,2060
12894,2462
12911,40
12964,2582
13016,50
13040,10
13075,1280
13087,50
13145,1300
13159,2582
13184,1280
13189,1280
13221,40
13243,2522
13281,1300
13286,2060
13322,1300
13431,1140
13437,2522
13450,10
13490,2280
13507,1281
13529,2403
13535,1301
13539,1280
13572,1920
13582,1920
13600,1280
13633,2280
13648,40
13690,10
13702,2583
13709,1560
13715,2462
13716,1160
13719,2705
13723,1140
13777,2582
13793,10
13845,2280
13870,2585
13884,1280
13941,50
13945,10
13960,2705
13988,2060
14015,40
14024,2462
14030,1300
14106,40
14155,1320
14156,2585
14160,2583
14161,2280
14200,1160
14203,1160
14228,2280
14240,1280
14253,2582
14385,1140
14386,1281
14416,60
14420,2060
14468,2280
14471,1300
14478,2280
14554,1281
14574,1280
14603,2705
14624,2403
14641,50
14674,1160
14692,2583
14725,2060
14762,2403
14790,2583
14872,50
14891,1320
14934,2582
14969,2522
15081,2060
15084,1920
15096,1301
15127,2705
15132,1560
15193,1320
15209,1301
15222,2280
15269,1302
15282,2583
15294,1281
15371,1140
15385,2220
15399,1302
15401,2060
15454,1920
15484,40
15496,1160
15497,10
15552,2403
15604,1280
15609,2582
15639,2585
15646,1320
15682,1560
15710,1560
15826,2060
15851,1920
15852,1920
15932,1302
15945,2583
16051,1140
16061,2585
16063,1302
16065,2905
16087,1140
16095,1560
16116,2403
16125,2585
16150,2462
16201,2705
16210,2462
16230,2582
16241,2905
16271,1281
16276,2583
16297,1160
16314,2585
16332,1160
16361,1320
16365,1160
16410,1140
16433,2462
16441,1140
16450,2280
16461,1280
16462,60
16476,2280
16497,2280
16546,2905
16554,40
16555,10
16563,2403
16571,1281
16584,40
16673,1300
16687,2220
16697,2403
16753,50
16771,2582
16782,2585
16796,1920
16938,2582
17082,1300
17083,40
17101,2403
17176,2705
17188,2522
17189,2705
17192,2060
17203,1940
17221,50
17252,1302
17260,40
17292,1280
17346,2522
17434,1140
17453,2060
17460,1302
17484,1300
17539,2705
17555,2403
17560,2705
17566,2705
17581,1140
17588,2462
17599,1160
17603,1160
17642,1320
17691,1300
17758,2403
17775,50
17850,2582
17862,2705
17886,1302
17898,2582
17907,2585
17944,1300
17976,2403
18020,2280
18074,1940
18099,10
18100,2705
18101,1920
18175,2522
18200,2582
18261,2280
18268,60
18346,1302
18408,2403
18441,2582
18452,40
18467,1302
18471,40
18509,10
18566,1560
18581,2583
18588,2522
18590,50
18610,1280
18630,1560
18646,2060
18694,1300
18697,1300
18734,1920
18763,1300
18810,2280
18851,1320
18858,2705
18893,1320
18924,2585
18932,2522
18967,1940
18973,2060
18999,2403
19060,2585
19109,2522
19121,2585
19165,40
19167,10
19177,2280
19183,2583
19202,1320
19204,1940
19205,1280
19217,60
19224,1302
19230,1560
19267,2582
19288,10
19308,50
19311,2705
19338,1160
19373,1302
19385,1281
19386,1300
19395,1140
19417,2705
19433,2585
19447,1920
19473,1281
19482,2585
19486,1160
19493,1300
19560,1280
19575,1140
19603,1302
19607,40
19609,2403
19647,1140
19663,40
19685,60
19706,2280
19727,2522
19733,1180
19746,2403
19771,1320
19783,1160
19795,10
19852,1140
19873,2585
19881,2585
19940,50
19963,1320
19980,2583
20039,2585
20061,1302
20063,10
20072,1280
20121,1301
20126,50
20130,1280
20145,1281
20214,2280
20232,2582
20243,1302
20270,40
20298,1302
20314,2403
20339,10
20365,1300
20381,2705
20408,2522
20482,1320
20497,1320
20535,50
20581,2583
20625,50
20626,2220
20645,1280
20686,1320
20687,2585
20715,2462
20799,50
20802,10
20823,1300
20866,1180
20874,1280
20875,1140
20888,2705
20923,1160
20929,1302
20968,2060
21016,10
21048,40
21070,2403
21080,1302
21241,60
21248,1140
21263,1920
21285,1940
21291,10
21335,2403
21344,1281
21352,2060
21403,2060
21453,1281
21465,2522
21469,2462
21507,1300
21508,1281
21539,2705
21540,1320
21548,1920
21580,2585
21592,1560
21597,1140
21609,1160
21668,2582
21684,50
21692,1160
21762,1280
21771,1560
21830,1160
21842,1300
21844,1302
21884,2585
21901,1280
21969,1140
21970,2582
21986,1160
21994,2583
22040,1160
22135,2582
22169,1280
22170,1281
22181,2582
22236,1301
22240,1920
22253,10
22318,2403
22333,10
22349,2705
22374,2585
22453,1301
22456,10
22493,1302
22498,50
22513,2280
22549,50
22570,1140
22609,2582
22632,2060
22641,1300
22678,1940
22796,10
22810,1302
22816,2403
22836,2280
22842,1300
22899,2705
22911,2585
22948,1280
22971,2060
23011,2585
23036,2462
23042,1280
23043,2582
23047,2705
23085,1940
23102,2403
23132,1280
23196,1302
23222,2582
23233,2582
23242,2905
23286,1302
23311,40
23355,2583
23405,1302
23415,1302
23427,2403
23433,1320
23453,2280
23455,1920
23477,50
23492,2582
23496,1300
23534,40
23536,40
23575,2403
23585,1140
23595,1300
23707,1160
23709,1302
23718,2905
23746,2585
23858,2582
23883,50
23905,1560
23913,40
23915,50
23925,60
23936,10
24002,1920
24006,2060
24008,1300
24085,1280
24101,2403
24104,2582
24116,1302
24143,2403
24209,50
24241,1160
24254,1160
24279,2060
24288,1140
24318,1180
24361,1140
24414,10
24421,1302
24449,40
24482,2403
24485,1280
24490,1301
24499,1140
24522,2585
24548,2705
24553,1160
24566,1281
24583,1160
24594,1300
24628,1940
24644,2583
24704,1302
24712,2705
24772,2220
24809,1280
24812,1180
24835,2280
24862,1160
24879,2582
24887,1281
24909,2585
24926,2705
24931,1560
24941,1320
24949,2060
24957,1180
24989,10
25039,2280
25076,2705
25109,2403
25169,1300
25171,2522
25191,1140
25253,40
25266,1140
25280,1320
25351,40
25353,1280
25371,2705
25372,40
25398,2582
25419,50
25420,2462
25474,2060
25521,1920
25527,2220
25543,1300
25551,2585
25566,1920
25581,2522
25590,1320
25596,1280
25599,2585
25651,1302
25688,1560
25689,1140
25697,1302
25746,2280
25805,2522
25819,2060
25849,2585
25885,1280
25942,40
25943,2522
25989,1300
26083,1281
26098,1280
26116,1560
26130,2522
26146,1280
26159,2220
26165,1920
26187,1140
26211,1300
26271,2585
26284,2403
26336,1300
26350,10
26440,1300
26442,1320
26459,1280
26484,2582
26498,2705
26500,1940
26532,1920
26541,2905
26549,1920
26561,2583
26723,1300
26758,1140
26771,1320
26838,2280
26898,2582
26908,1140
26910,2582
26926,1280
26928,1301
26929,1300
26946,1140
26951,1300
26954,2403
26973,1140
26994,1281
26998,1300
27040,2280
27095,10
27109,10
27124,1140
27153,1300
27163,1180
27183,2462
27195,2403
27229,1920
27264,2220
27300,1160
27407,2582
27476,10
27552,2522
27573,2280
27597,1940
27600,60
27623,2583
27631,1302
27703,1320
27720,10
27727,2705
27748,1320
27759,2522
27803,2220
27808,2060
27815,2583
27821,2522
27828,2060
27857,1301
27864,2905
27891,1920
27932,2582
27943,1280
27955,2582
27964,1160
27975,2583
27992,2403
28133,2585
28150,2060
28154,1560
28159,1280
28174,2585
28178,2280
28187,1281
28199,1281
28207,1940
28214,40
28227,2585
28230,40
28240,2462
28249,1300
28271,40
28306,2060
28313,10
28333,1280
28350,2705
28364,1920
28366,2583
28399,10
28404,1920
28412,1560
28430,1300
28438,1300
28459,1560
28462,40
28466,2585
28473,1560
28477,60
28489,1560
28540,1920
28593,2403
28596,2060
28603,1940
28657,1281
28752,1560
28760,1300
28861,1301
28897,2705
28944,2582
28973,2522
28984,40
29001,2280
29036,2522
29054,1300
29076,1180
29129,1920
29145,50
29161,2060
29218,1281
29262,2060
29277,1320
29301,1280
29302,60
29321,10
29322,60
29326,2522
29339,40
29340,1280
29347,2280
29369,2583
29420,2585
29422,1280
29512,50
29528,2582
29540,1140
29553,2403
29597,1300
29616,40
29635,1280
29662,50
29741,1280
29747,1280
29766,1160
29811,1160
29812,1302
29834,1320
29857,10
29877,1560
29897,40
29945,1280
29994,1140
30000,1560
30013,1280
30016,50
30062,1920
30072,1300
30073,1280
30080,2522
30090,40
30097,2462
30119,1280
30135,2583
30136,1300
30156,2582
30167,1140
30215,1280
30228,1560
30282,50
30294,1280
30313,1320
30323,1320
30344,1920
30360,2280
30383,1280
30390,2403
30415,2522
30438,2583
30556,1320
30570,40
30575,2280
30600,2582
30614,2705
30658,2280
30687,10
30706,2060
30711,10
30727,40
30738,40
30749,2583
30760,2060
30767,2705
30816,10
30820,2403
30854,1281
30875,2060
30880,1300
30883,2585
30904,40
30969,40
30983,1320
30989,1300
30995,1302
31023,2705
31030,2522
31033,1302
31047,1300
31079,1160
31101,2462
31115,1160
31170,1320
31244,1920
31256,1140
31281,1560
31368,1140
31418,1320
31448,2582
31462,1300
31465,2582
31597,1140
31606,2462
31655,1920
31667,2280
31678,50
31685,1920
31713,2403
31740,2220
31753,40
31755,2462
31767,2583
31769,2705
31775,2060
31781,2583
31836,1280
31900,2705
31925,2060
31926,1302
31929,2585
31983,2585
32026,10
32060,1302
32116,2583
32232,2705
32241,2403
32269,2585
32275,1160
32276,60
32293,1160
32295,1320
32326,1300
32336,2583
32349,1920
32372,1560
32374,2522
32379,1302
32396,2060
32401,1320
32416,1320
32429,2403
32484,2583
32517,1281
32529,2905
32557,2220
32586,1320
32637,2705
32646,60
32698,2280
32716,1320
32729,2280
32778,1560
32794,2462
32817,10
32827,2583
32838,40
32848,2583
32852,2705
32855,1300
32858,10
32860,1140
32885,2522
32889,60
32933,50
32947,50
32979,1320
32994,1160
33000,60
33002,2462
33019,1320
33025,1281
33077,40
33087,10
33091,2403
33102,2582
33105,2905
33116,2462
33121,1320
33125,1560
33129,1920
33148,1140
33165,1560
33200,1920
33227,2403
33258,2462
33275,2522
33396,2280
33399,2280
33416,1302
33434,2280
33442,1300
33505,2220
33509,2905
33518,10
33536,1320
33557,1300
33575,40
33595,2582
33639,1281
33664,1140
33683,60
33706,1140
33768,2462
33797,1920
33816,2705
33856,1160
33896,1302
33913,10
33923,2582
33937,1560
33938,2462
33946,1301
33965,2582
33967,50
33992,1301
34022,2705
34023,2060
34049,2403
34082,1140
34094,1302
34097,1920
34119,1140
34138,1920
34227,2462
34253,40
34255,10
34331,2403
34337,2522
34353,1280
34404,50
34410,10
34412,1300
34435,10
34459,2060
34468,2462
34472,2280
34477,2705
34482,2705
34501,1320
34511,1560
34513,1160
34517,1320
34532,1920
34555,2705
34570,1920
34577,1560
34580,1281
34585,1320
34637,2462
34664,1160
34670,1302
34682,1920
34723,2060
34746,2522
34789,1281
34794,10
34826,2705
34833,1920
34937,1920
34972,2905
35013,1320
35044,1320
35060,2522
35071,2905
35129,2060
35138,2582
35240,50
35284,10
35297,1140
35301,1302
35303,50
35315,2462
35345,2583
35371,2060
35373,2582
35409,2280
35460,40
35496,2280
35579,1180
35597,2220
35619,1300
35629,1560
35646,2280
35685,1920
35762,2583
35782,2522
35868,1920
35883,2060
35888,1300
35903,1302
35930,2582
35971,2585
35973,2060
35985,1281
35988,1560
36011,1280
36015,2522
36022,2522
36040,10
36045,1940
36077,2585
36092,2522
36104,2522
36210,2585
36221,2582
36224,1560
36263,1560
36335,2280
36369,10
36387,2060
36508,2705
36518,50
36624,2403
36635,1140
36639,2060
36641,1300
36665,1940
36672,2705
36676,2060
36688,1560
36694,2060
36695,2060
36745,1301
36817,1560
36829,1300
36858,1140
36863,2060
36868,2585
36874,2522
36942,1160
36986,2462
36993,2585
36996,2403
37004,1281
37245,60
37273,10
37314,2403
37326,1300
37352,1140
37356,40
37419,40
37436,2585
37441,2582
37442,1160
37472,1940
37477,2583
37508,2220
37510,1280
37547,1160
37579,1280
37600,2522
37603,1160
37648,1280
37653,10
37693,2583
37701,1140
37783,1140
37788,2585
37836,1940
37872,1160
37913,2585
37987,2583
37991,10
38047,1320
38060,2583
38066,2522
38079,10
38092,1140
38115,40
38127,2403
38130,1160
38142,2403
38176,1160
38180,40
38224,2403
38271,1920
38319,1281
38320,2583
38321,2280
38354,1300
38368,1320
38372,1302
38382,2280
38466,1302
38468,1280
38474,2403
38504,2060
38591,60
38672,1140
38701,1560
38707,1300
38764,1300
38836,40
38851,1920
38859,1160
38962,2060
38972,1302
39005,1320
39022,2280
39025,1560
39074,2522
39179,2583
39205,2403
39273,50
39275,1940
39279,2220
39294,2585
39302,1281
39318,10
39341,2462
39405,1320
39409,1140
39454,1320
39498,2585
39507,1300
39542,1920
39566,40
39609,1140
39616,10
39648,1300
39659,1280
39662,1280
39680,40
39724,1920
39768,1160
39852,2280
39894,40
39953,1140
39966,2403
39976,50
39993,2582
39997,2522
40046,50
40070,1320
40083,1140
40094,1160
40122,2583
40177,2582
40193,10
40214,1301
40274,2403
40290,1920
40344,2583
40370,2582
40393,2280
40400,10
40429,1920
40452,10
40525,1281
40557,1300
40595,10
40634,1280
40665,1920
40697,2280
40712,2582
40741,1160
40749,60
40756,2522
40875,2522
40882,2585
40912,2060
40944,1300
40946,1560
40960,2905
40963,10
41005,2705
41042,2582
41045,10
41057,2583
41060,1301
41109,2403
41121,2583
41132,2280
41138,2585
41206,1280
41286,1302
41294,1160
41313,1301
41347,1560
41375,1940
41391,2705
41394,1302
41417,2060
41468,10
41470,1320
41494,1301
41501,2583
41504,40
41514,1940
41583,2583
41584,40
41587,10
41590,2522
41596,1940
41612,1320
41618,2060
41632,1281
41645,2522
41675,2585
41690,1160
41697,1280
41723,2705
41734,1140
41754,2060
41791,2705
41794,2585
41821,1560
41836,2583
41848,10
41878,1300
41879,1160
41881,2582
41891,1160
41938,2582
41941,2582
41973,1920
41990,50
41996,1302
42012,1280
42028,50
42049,2705
42098,1302
42123,2583
42154,40
42156,2582
42172,2585
42173,10
42254,1320
42263,2522
42267,50
42295,40
42327,1281
42342,1302
42370,2522
42388,2905
42398,50
42404,1300
42418,10
42432,1160
42435,1302
42458,2280
42459,50
42464,2585
42566,2403
42579,2403
42607,2582
42612,1320
42621,1280
42633,1160
42645,1560
42669,2403
42697,40
42713,1320
42733,1280
42738,2522
42746,40
42765,2060
42792,1302
42817,50
42828,10
42834,2522
42858,1160
42860,1160
42861,1920
42877,2403
42892,10
42912,1280
42923,2220
42964,1160
42993,2060
43002,50
43012,1940
43055,40
43057,2462
43099,1940
43142,40
43178,2582
43188,1320
43197,2583
43244,40
43246,1920
43259,2905
43266,2585
43277,2582
43279,1140
43280,2220
43310,1280
43314,2585
43342,1280
43365,1280
43393,1300
43405,2585
43472,1160
43479,2403
43534,1320
43542,1300
43574,2585
43621,2403
43651,10
43657,50
43667,60
43685,2585
43702,1160
43707,1560
43727,1320
43758,10
43772,1300
43775,1920
43793,2403
43804,2280
43807,50
43866,1281
43921,1180
43937,1560
43952,1920
43982,2705
43992,1300
44017,2280
44018,2060
44039,1160
44076,1160
44181,50
44213,40
44223,1160
44229,2280
44259,1302
44301,2585
44328,2403
44349,2280
44350,1320
44358,2403
44369,1920
44375,40
44385,1280
44423,1320
44433,2403
44437,60
44441,1280
44457,1140
44461,40
44486,2060
44521,1320
44527,2583
44620,40
44625,1320
44646,1160
44655,1920
44666,2582
44678,2403
44702,1301
44710,10
44732,1940
44765,2582
44780,1280
44798,2060
44803,2403
44807,1320
44831,1281
44887,10
44912,2462
44973,10
44996,1320
45025,2705
45066,1320
45092,2403
45097,10
45102,2583
45175,10
45180,1560
45193,50
45312,2280
45339,1560
45362,1140
45389,1300
45392,2220
45456,1302
45481,2462
45519,2462
45530,2583
45546,1300
45547,2220
45551,1180
45580,2585
45599,60
45633,1920
45661,1300
45674,1280
45678,1920
45800,1140
45845,1320
45851,1160
45867,50
45884,1560
45934,1300
45944,60
45988,1180
45994,1160
46001,2220
46013,1140
46023,1300
46043,2905
46056,2905
46169,2060
46172,1302
46174,1940
46213,1300
46226,10
46233,10
46247,1560
46257,2583
46293,1300
46347,1160
46363,1140
46400,2462
46415,1920
46446,10
46452,2403
46503,1920
46572,2582
46587,1300
46628,1320
46630,10
46663,1302
46669,1940
46705,1920
46857,2403
46865,1920
46872,1940
46879,1301
46882,1302
46895,2403
46912,2583
46989,2403
47000,2585
47050,1180
47071,2585
47073,1280
47076,1280
47097,2403
47123,1280
47179,1302
47188,2583
47217,1302
47314,1920
47347,2060
47385,10
47400,1320
47412,1920
47421,2582
47424,2705
47425,1560
47432,1301
47523,2060
47555,1280
47562,1140
47568,2280
47599,10
47625,1281
47638,50
47674,2522
47761,2582
47764,1920
47768,1280
47777,1160
47856,2280
47910,10
47961,1280
47963,2522
47995,10
48006,1280
48014,1301
48029,60
48062,2905
48069,2060
48071,10
48091,2280
48118,1300
48185,10
48261,2905
48359,2582
48385,1300
48388,1280
48390,2522
48401,40
48424,1560
48429,2582
48445,2582
48456,1160
48462,2280
48470,2280
48477,1560
48498,1281
48512,1281
48575,2585
48602,2060
48607,2905
48614,1300
48626,10
48630,1160
48639,1560
48673,2705
48739,50
48746,10
48749,1560
48753,2403
48769,1140
48774,1300
48775,1300
48827,2585
48833,2403
48869,2583
48890,2060
48910,2462
48914,2582
48928,2583
48961,2583
48983,1281
49037,2403
49094,2462
49098,1300
49118,1302
49138,10
49201,1920
49373,1160
49384,2585
49413,2280
49422,2060
49457,2060
49466,1280
49485,2220
49512,10
49539,2705
49548,50
49549,2403
49550,1940
49573,2060
49592,1140
49606,2403
49622,2585
49638,1560
49669,40
49694,2582
49729,1301
49758,2522
49760,1320
49835,2522
49852,1280
49869,2522
49878,2582
49895,2220
49938,2585
50008,50
50029,40
50125,1140
50130,1280
50137,1301
50143,2582
50208,10
50213,2220
50288,1300
50292,1320
50302,2522
50334,1302
50355,2582
50362,40
50367,2462
50372,10
50468,2462
50494,2522
50504,1280
50514,2403
50520,1281
50533,1920
50628,2583
50629,2220
50654,1280
50667,2583
50691,2280
50695,1280
50700,1280
50706,1300
50725,1160
50778,2583
50788,2583
50847,2522
50867,40
50915,2582
50920,2585
50963,2583
50980,1302
50981,40
50988,2905
50989,1302
51012,1281
51019,1302
51034,2522
51069,10
51147,2522
51166,2280
51182,2582
51197,2582
51207,2705
51211,2060
51227,2403
51251,2582
51265,10
51297,1920
51316,2060
51359,50
51365,1301
51367,1560
51374,2280
51389,1320
51409,2280
51439,1320
51442,1140
51452,10
51517,2585
51538,1940
51582,1302
51601,1280
51615,10
51622,2582
51634,2583
51641,1560
51666,1301
51683,1281
51691,2522
51723,1280
51725,2705
51733,1920
51753,1920
51761,1160
51768,2403
51877,2220
51889,1180
51891,2462
51941,10
51955,2060
51967,2705
52003,2582
52009,40
52046,40
52056,1280
52058,2905
52071,2522
52076,10
52100,1140
52185,2583
52190,1160
52271,2220
52301,2462
52310,2705
52324,1180
52359,1160
52431,1300
52442,1160
52455,2582
52479,1140
52510,2403
52517,1140
52553,1300
52698,1920
52699,2220
52700,2403
52731,1300
52747,1940
52766,2060
52774,40
52778,1140
52796,2905
52839,2582
52856,2583
52857,1160
52866,1320
52881,2585
52912,1180
52917,60
52918,2582
52930,2583
52934,2585
52963,1320
52983,10
53016,1281
53017,1180
53020,2220
53048,1560
53052,1300
53053,2403
53061,2280
53160,10
53236,40
53314,2705
53319,1301
53332,1140
53333,2462
53336,1920
53419,1300
53422,1160
53499,2462
53535,2220
53542,2280
53584,50
53596,2060
53686,2522
53697,1320
53722,1320
53792,2403
53804,1140
53907,1920
54005,10
54021,1301
54038,40
54048,1280
54068,1300
54072,1320
54081,2585
54108,10
54125,2705
54152,1920
54167,2403
54187,60
54219,1302
54223,40
54236,2280
54241,1300
54283,2585
54338,2582
54428,1160
54431,1302
54446,1160
54447,2582
54477,1280
54483,1160
54525,40
54533,1940
54581,1302
54660,1280
54668,2522
54677,1302
54695,2280
54775,2583
54793,40
54810,2705
54894,1180
54901,1560
54928,2522
54968,2582
54971,50
54996,60
55011,1301
55016,1320
55026,1302
55081,1302
55093,50
55108,1280
55185,2403
55212,2522
55219,1140
55247,1320
55276,2060
55278,2582
55308,2280
55310,1280
55327,2585
55389,40
55410,2582
55469,2705
55475,1940
55529,1160
55534,50
55567,2585
55569,1300
55589,1560
55592,2522
55600,1160
55655,2705
55684,1281
55718,2705
55720,2060
55724,40
55737,10
55759,1301
55790,2280
55808,1140
55825,1140
55844,1302
55846,1140
55909,2060
55918,1280
55998,1920
56000,1320
56165,2582
56183,1300
56236,2220
56260,1140
56265,50
56299,1281
56381,2403
56457,1300
56504,1140
56515,2280
56551,40
56554,40
56561,1320
56592,2522
56607,1300
56633,50
56666,2403
56692,1300
56702,1320
56710,2403
56717,10
56723,1320
56732,50
56800,2060
56806,2582
56814,1300
56837,1302
56860,1320
56885,1281
56911,1320
56921,1140
56928,1301
56933,1940
56959,1302
57016,1920
57022,2462
57030,2403
57045,2462
57089,10
57090,1160
57091,1160
57128,1320
57173,60
57203,2280
57212,2582
57220,40
57297,1320
57302,10
57307,1920
57323,1940
57343,1280
57369,2522
57380,2585
57382,10
57396,1302
57432,1920
57442,2582
57463,2522
57563,2705
57600,2582
57614,2582
57618,2585
57629,2585
57643,2060
57645,40
57672,10
57705,1280
57763,2220
57808,1301
57834,1920
57893,2403
57915,2220
57946,1302
57947,1300
57978,1160
57983,1160
58017,1302
58039,1920
58040,1160
58057,1140
58074,1920
58085,1300
58097,1140
58110,1280
58159,2705
58206,2060
58207,2060
58220,2403
58238,40
58250,2705
58253,1920
58259,2705
58272,2280
58306,1180
58312,40
58314,1300
58317,2220
58332,2060
58351,2522
58354,1300
58426,2403
58446,1301
58464,1280
58485,2403
58492,50
58498,40
58514,2582
58540,2060
58571,1280
58573,2462
58589,1280
58622,1320
58677,2582
58692,1281
58709,2522
58710,1180
58738,40
58765,2060
58785,2585
58804,40
58877,1300
58930,2522
58939,2582
58948,1302
58952,2582
59096,1940
59104,2462
59153,40
59225,2280
59227,1302
59264,2585
59310,2522
59317,1280
59339,2403
59421,1560
59453,40
59485,2583
59497,1180
59523,1140
59633,1940
59642,40
59675,2585
59678,1560
59682,2583
59718,2522
59738,60
59764,1300
59841,2585
59851,2585
59895,40
59935,60
59939,2582
59945,2220
60009,1140
60015,10
60053,10
60056,1280
60096,2060
60164,1160
60174,2905
60175,2462
60176,10
60179,2705
60194,1560
60208,1160
60222,1320
60227,1920
60238,1140
60263,1281
60311,50
60326,40
60340,1560
60348,1140
60370,50
60373,2280
60394,1302
60410,10
60411,1920
60419,2060
60439,1320
60486,2582
60512,1280
60588,10
60652,2280
60683,2220
60699,2582
60710,2403
60755,2403
60774,1280
60805,10
60813,1160
60820,1300
60832,2585
60837,1280
60860,1560
60862,1300
60883,1920
60920,2582
60951,50
60976,1940
61001,10
61051,2583
61058,1280
61063,1920
61080,2280
61097,2280
61101,2585
61107,1281
61167,40
61173,60
61200,2585
61255,1560
61296,2705
61315,1920
61353,1560
61359,2585
61381,1300
61452,1281
61461,1281
61462,1302
61502,50
61546,1280
61567,1320
61586,2583
61637,1280
61669,1280
61674,2905
61689,2522
61707,2705
61802,40
61803,1920
61805,1300
61806,1560
61808,50
61815,2403
61826,1300
61859,1280
61875,50
61893,40
61900,1560
61959,1920
62140,1140
62197,1302
62201,1940
62226,1300
62230,2585
62236,1560
62243,2403
62252,1560
62273,2462
62299,2585
62302,1140
62369,2220
62386,1280
62415,50
62422,1301
62435,1560
62450,1160
62464,1140
62487,50
62498,1281
62520,1281
62522,1140
62524,1302
62537,10
62547,2280
62627,60
62636,2403
62643,2462
62710,50
62719,10
62724,1300
62726,2583
62743,2403
62760,1160
62816,10
62838,40
62853,2585
62881,10
62948,2060
62981,2582
62997,1320
63048,1280
63087,2280
63097,2585
63118,1940
63119,1920
63183,1920
63185,10
63238,2583
63250,1320
63266,2522
63269,40
63271,2522
63291,1320
63297,1160
63313,2060
63321,1160
63331,2280
63333,2585
63367,2280
63404,2585
63410,1320
63411,1302
63412,1320
63424,2462
63431,2585
63479,2280
63480,1280
63481,1940
63496,1560
63506,2522
63645,1140
63655,2582
63656,2522
63713,2705
63721,1302
63738,1301
63755,1920
63761,2585
63814,1560
63821,1160
63841,1560
63870,1280
63953,1302
63959,1301
63968,1280
64053,1300
64056,1920
64080,2585
64107,1140
64135,1300
64161,1920
64204,2462
64226,1280
64262,1160
64299,10
64318,2582
64377,10
64388,1281
64391,1320
64412,1302
64446,2280
64573,50
64598,2060
64662,2060
64673,1560
64712,50
64719,1940
64748,2522
64753,2403
64779,1920
64780,2403
64812,1180
64813,1300
64846,1281
64851,1302
64894,2583
64899,10
64910,2522
64924,2582
64938,2583
65010,1302
65012,50
65031,2403
65071,2583
65093,1560
65111,1302
65122,10
65126,2585
65173,1302
65186,1300
65285,1320
65287,1140
65317,1160
65321,2060
65362,1920
65497,1160
65553,2585
65564,2583
65610,2705
65656,2582
65676,1320
65695,1140
65706,1320
65744,2522
65889,2582
65914,2280
65923,2462
65939,2060
65943,10
65969,1140
65989,2060
66068,1560
66090,1320
66091,2220
66126,1302
66131,2522
66138,1560
66152,1320
66190,1920
66219,2583
66234,1300
66253,1300
66258,2583
66263,2583
66292,2522
66305,10
66314,2582
66317,1140
66333,2403
66339,1180
66352,10
66439,1180
66445,2905
66447,2905
66459,1302
66476,2280
66492,2522
66500,1300
66518,2585
66537,1281
66544,2522
66557,2583
66558,1281
66565,40
66604,2583
66606,1560
66616,1560
66647,50
66694,1920
66704,1940
66709,2585
66724,40
66738,2220
66740,2403
66762,1140
66801,1281
66806,2585
66846,10
66854,1140
66866,40
66878,2705
66892,1280
66903,1280
66921,60
66980,1560
67011,1920
67029,1280
67037,1281
67076,2280
67111,2705
67125,40
67139,10
67150,60
67161,1280
67176,10
67254,2060
67303,40
67313,1300
67332,1280
67345,1160
67367,1300
67373,1281
67379,2280
67408,1560
67422,1920
67516,50
67613,1560
67628,10
67634,2582
67647,2220
67674,2705
67679,1160
67701,2280
67726,2403
67805,1302
67839,1280
67842,1302
67861,1302
67868,1160
67906,2403
67921,2462
67959,2583
67967,2583
67979,2462
67980,1140
67995,1140
68019,2060
68032,1140
68078,2060
68085,2585
68163,2522
68169,1140
68196,1320
68213,2280
68225,2583
68303,2705
68389,2060
68394,1300
68396,1300
68398,2403
68419,50
68434,1280
68444,1302
68471,2280
68475,2060
68484,1940
68492,10
68499,1160
68501,2403
68506,2585
68514,1320
68528,2705
68547,2522
68562,2905
68582,1301
68619,2583
68640,2403
68645,1160
68662,2583
68664,2583
68677,2705
68714,60
68757,10
68819,1320
68834,2585
68836,2582
68837,2280
68891,1160
68901,1302
68952,2060
68973,60
68988,2522
68991,2583
69022,2905
69068,2462
69083,1281
69090,1300
69122,1302
69129,1302
69141,1940
69160,2403
69193,1300
69202,40
69207,1180
69222,2403
69227,1140
69288,2220
69293,50
69398,2280
69405,2060
69416,1280
69458,2583
69525,1180
69538,2582
69539,2522
69559,1281
69582,2583
69627,10
69634,2220
69645,2462
69653,2522
69683,10
69693,2522
69695,1320
69699,2522
69702,40
69708,2585
69715,2522
69716,2522
69724,1920
69726,2060
69750,2280
69787,2585
69858,1280
69871,50
69879,50
69901,1280
69903,10
69910,2583
69912,1320
69963,1160
69985,2585
69995,1560
70032,1302
70044,2280
70050,2582
70104,1302
70113,10
70166,2583
70200,1300
70275,1300
70301,1560
70307,2522
70372,2582
70389,10
70413,1301
70432,1301
70475,2522
70480,2462
70510,2583
70553,1140
70588,2462
70638,1920
70652,1560
70717,2583
70757,1180
70775,1281
70778,10
70780,2585
70790,2582
70815,1302
70823,1560
70866,1280
70952,2585
70998,2583
71101,1160
71128,60
71153,1920
71178,1320
71201,2582
71204,2522
71239,2403
71297,1140
71390,60
71405,2705
71446,1140
71510,2280
71511,1300
71521,10
71523,2462
71525,2403
71561,2705
71581,1560
71612,2403
71645,1560
71661,60
71685,1320
71715,1302
71716,2403
71742,1940
71744,10
71747,1280
71777,2585
71796,1140
71852,1140
71865,1560
71869,2522
71872,1302
71884,1160
71909,2522
71915,1300
71922,1140
71932,40
71938,10
72023,1920
72046,2705
72155,2583
72174,1920
72197,2585
72210,2522
72242,2583
72250,40
72270,2280
72280,2583
72324,2280
72345,1281
72353,2582
72356,2280
72418,1920
72452,1560
72456,1280
72480,1281
72481,1301
72485,2403
72593,1560
72611,2522
72643,1560
72655,2403
72659,1560
72717,2582
72730,2403
72760,2585
72822,2522
72823,2060
72849,2403
72944,2522
72989,1560
73074,1302
73096,1302
73097,1281
73127,1560
73205,10
73243,1140
73284,2705
73290,1140
73313,2585
73358,2403
73368,2280
73434,2522
73505,1160
73551,1140
73569,1300
73625,50
73634,2220
73643,1920
73670,10
73679,1302
73722,2585
73734,40
73741,2522
73764,1302
73766,2585
73848,1320
73849,1281
73853,2582
73897,2462
73903,2583
73962,2905
73993,1300
74039,1920
74048,2522
74133,2705
74142,1302
74160,50
74231,2522
74292,50
74295,1140
74301,1140
74312,1301
74315,60
74318,1301
74342,2060
74369,1300
74429,40
74454,1160
74460,1281
74504,40
74507,2060
74520,40
74546,1300
74547,1920
74556,10
74561,1300
74566,2522
74628,1281
74632,1140
74637,1560
74650,2403
74656,1140
74667,2582
74701,1300
74709,1280
74711,40
74736,40
74771,60
74813,1300
74866,1302
74953,2060
75048,40
75077,1920
75120,2220
75152,2060
75222,10
75237,1300
75238,1320
75270,1920
75273,2583
75303,1920
75304,10
75324,2280
75327,50
75392,10
75394,40
75397,1280
75415,50
75419,2582
75423,2582
75478,1320
75493,2462
75515,1320
75535,1320
75560,2060
75580,1560
75587,50
75593,10
75597,2403
75634,2522
75651,1320
75653,2582
75662,40
75677,2522
75690,2060
75698,2522
75775,2522
75785,2220
75788,1560
75905,1940
75945,2403
75948,2905
76038,2583
76063,1140
76070,2280
76081,2060
76083,50
76107,1281
76171,1302
76173,50
76177,1302
76249,1920
76265,2522
76273,2060
76309,1160
76352,10
76358,1302
76392,1140
76399,1280
76402,2060
76406,2462
76410,1320
76412,2220
76488,10
76556,2522
76590,2060
76596,1300
76632,1300
76634,2705
76673,2060
76685,1300
76695,2705
76728,2582
76733,2582
76751,1302
76800,1301
76817,1281
76918,2403
76958,1560
76962,2220
76977,2582
76980,1300
76984,1140
76991,1920
76997,2522
77021,40
77063,1302
77075,2220
77155,1160
77163,1300
77181,2585
77195,1140
77225,2583
77282,2403
77294,2585
77313,1940
77325,1920
77365,2403
77369,1180
77391,2583
77403,60
77432,1302
77433,1920
77497,1302
77504,1280
77557,2582
77558,2705
77593,50
77594,2582
77613,2403
77616,1920
77667,2403
77710,1560
77714,2403
77766,10
77772,1302
77806,2705
77814,1281
77841,2522
77850,60
77884,1140
77895,2522
77907,1140
77910,40
77994,50
78020,1281
78022,2582
78027,40
78035,1280
78043,2583
78059,1280
78090,40
78132,2220
78135,2705
78148,1280
78174,2220
78185,2060
78204,2060
78209,1281
78216,2583
78219,1280
78225,2403
78286,1302
78293,1920
78312,2060
78337,1320
78403,2585
78419,50
78455,2462
78472,1320
78498,1140
78506,10
78554,2905
78573,1281
78575,2522
78633,1180
78656,1302
78711,2583
78733,1302
78766,10
78792,1920
78795,40
78802,1301
78854,2280
78869,1140
78874,2583
78912,2060
78949,10
78970,1302
79000,50
79040,2585
79052,1300
79072,2583
79132,50
79140,1920
79158,1280
79193,1920
79210,2583
79217,1920
79254,1302
79282,2462
79292,1560
79339,60
79436,2582
79448,1281
79478,1280
79480,2403
79493,40
79496,1920
79565,2585
79588,40
79626,2583
79732,2522
79734,2705
79752,2705
79771,10
79825,1180
79828,2280
79865,1940
79875,2585
79899,1320
79902,1300
79908,2582
79952,2705
79954,2705
79964,2585
79969,2522
80007,2583
80019,2522
80041,1180
80102,2582
80112,10
80119,2060
80141,60
80170,2060
80216,1320
80248,1940
80259,1160
80305,50
80309,2060
80315,2705
80335,2522
80348,1560
80372,2905
80389,1300
80400,1160
80416,2403
80553,2060
80564,2585
80641,2705
80663,1281
80691,2583
80793,1560
80813,1140
80825,2585
80843,1280
80877,40
80895,1320
80920,2583
80930,50
80933,1160
80934,2280
80960,2582
80967,1280
80989,1320
80994,2280
80995,2522
81001,2522
81048,1140
81057,1320
81066,1160
81166,2583
81185,2582
81189,2403
81192,10
81199,1180
81216,2280
81229,2403
81242,2585
81258,2403
81349,2585
81360,1140
81422,2280
81431,2403
81449,40
81454,1160
81525,1280
81596,2585
81615,1302
81669,1301
81699,1940
81757,1160
81773,2060
81781,1140
81832,1160
81839,2522
81844,1140
81884,2585
81889,50
81897,2583
81907,1280
81925,1920
81941,2705
81957,1180
81964,1320
81986,1302
82009,1280
82078,10
82099,2060
82107,2462
82119,1300
82144,10
82160,10
82164,1320
82193,2060
82238,2060
82251,2280
82257,1280
82277,1140
82290,2403
82310,2060
82318,1300
82332,50
82342,1280
82344,50
82346,2583
82355,1920
82357,2585
82361,1302
82434,1300
82461,1320
82524,2583
82546,1280
82562,1180
82604,1300
82626,1160
82642,1180
82657,1140
82674,2585
82689,1300
82693,2220
82705,2220
82766,1280
82815,1300
82832,2585
82841,40
82936,1280
83001,1302
83011,1160
83012,1320
83056,2583
83059,2060
83081,1280
83106,2280
83107,2585
83164,1280
83217,2705
83223,1281
83236,2522
83237,1920
83254,10
83277,1300
83278,2403
83284,1302
83300,60
83306,2582
83318,2582
83328,2060
83339,1281
83483,2280
83495,2585
83516,10
83558,1140
83604,2585
83610,2522
83706,2403
83715,2585
83734,10
83748,2705
83771,2403
83786,2585
83788,2060
83897,2582
83934,1320
83954,1320
83992,1280
84027,2060
84041,2583
84053,40
84104,1300
84156,2403
84171,1281
84186,2060
84206,1140
84224,2583
84231,1920
84239,40
84251,2522
84274,1940
84286,2582
84287,1160
84305,1320
84310,2585
84317,10
84339,1280
84365,10
84380,1920
84384,1160
84391,2403
84419,2462
84444,1180
84445,1281
84470,10
84533,2585
84551,2403
84569,1160
84570,2060
84584,1160
84590,1160
84687,1320
84693,2585
84709,2582
84711,1300
84735,1160
84755,10
84838,2220
84863,1300
84877,1302
84899,2905
